Workbook

Sheet Data
A1: תדירות/גיליון | B1: אינדיקטור | C1: שם | D1: יחידות | E1: מקור | F1: קישור | G1: הערות | H1: דיליי בפרסום
A2: Daily | B2: רכישות בכרטיסי אשראי | D2: ממוצע 7 ימים, מנוכה עונתיות | E2: בנק ישראל | G2: באתר קיים רק מ-2016, צריך לבקש מהם את הסדרות, איש קשר - שי צור | H2: כ-3 ימים
A3: Daily | B3: גוגל טרנדס | D3: אינדקס | E3: גוגל | G3: מיוצר על ידי קוד נפרד, נתונים רק מ-2004 | H3: אין
A6: Monthly | B6: פדיון רשתות שיווק | C6: Rev_trade | D6: מנוכה עונתיות, מחירי 2011 | E6: הלמס | F6: rdata | H6: 30 יום
A7: Monthly | B7: פדיון כל ענפי הכלכלה | C7: Rev | D7: מנוכה עונתיות, מחירי 2011 | E7: הלמס | F7: rdata | H7: 50 יום
A8: Monthly | B8: סה"כ מע"מ נטו | C8: VAT | D8: נתונים שוטפים | E8: משרד האוצר | F8: taxes | H8: אין
A9: Monthly | B9: מדד אמון הצרכנים | C9: cons_trust | D9: אינדקס | E9: בנק הפועלים | F9: rdata | H9: 8 יום
A12: Quarterly | B12: הוצאה לצריכה פרטית | C12: Private_consumption | D12: מנוכה עונתיות | E12: הלמס | F12: Arkadi | H12: 50 יום
A13: Quarterly | B13: ריבית בנק ישראל | C13: Intrest_rate | D13: בנקודות אחוז | E13: בנק ישראל | F13: GPMN | G13: לקחת מ-GPMN אגרגציה רבעונית לפי נתונים יומיים | H13: אין

Sheet Monthly
A1: Type | E1: CBS | F1: TAX | G1: TAX | H1: TAX | I1: CBS | J1: CBS | K1: BOI | L1: BOI | M1: BOI | N1: BOI | O1: BOI | P1: BOI | Q1: BOI | R1: BOI | S1: TAX | T1: TAX | U1: TAX | V1: TAX | W1: TAX | X1: TAX | Y1: TAX | Z1: TAX | AA1: TAX | AB1: TAX | AC1: CBS | AD1: CBS | AE1: CBS | AF1: CBS | AG1: CBS | AH1: BOI | AI1: CBS | AJ1: CBS | AK1: CBS | AL1: CBS | AM1: CBS
A2: Source | E2: Real | F2: Nominal | G2: Nominal | H2: Nominal | I2: Nominal | J2: SA | K2: SA | L2: Nominal | M2: Real | N2: Nominal | O2: Nominal | P2: Nominal | Q2: Nominal | R2: Nominal | S2: Nominal | T2: Nominal | U2: Nominal | V2: Nominal | W2: Nominal | X2: Nominal | Y2: Nominal | Z2: Nominal | AA2: Nominal | AB2: Nominal | AC2: SA | AD2: SA | AE2: SA | AF2: SA | AG2: SA | AJ2: SA | AK2: SA | AM2: SA
A3: Release Lag | E3: 15 | F3: 0 | G3: 0 | H3: 0 | I3: 16 | J3: 12 | S3: 0 | T3: 0 | U3: 0 | V3: 0 | W3: 0 | X3: 0 | Y3: 0 | Z3: 0 | AA3: 0 | AB3: 0 | AC3: 16 | AD3: 16 | AE3: 18 | AF3: 94 | AG3: 94
A4: Date | B4: Month | C4: Quarter | D4: Year | E4: CPI | F4: dir | G4: indir | H4: VAT | I4: imp | J4: cons_trust | K4: real_credit_card | L4: Oil | M4: Reer | N4: Dollar | O4: TA35 | P4: TA125 | Q4: Nasdaq | R4: sp500 | S4: VAT_rate | T4: rev | U4: rev_trade | V4: rev_trade2 | W4: rev_food | X4: סה"כ אגף מס הכנסה נטו | Y4: ניכויים ושוק ההון | Z4: סה"כ מיסי יבוא | AA4: סה"כ מיסים מקומיים | AB4: סה"כ מסים עקיפים | AC4: שיעור אבטלה (גילאי 25-64, בנקודות אחוז) | AD4: שיעור השתתפות (גילאי 25-64, בנקודות אחוז) | AE4: שיעור תעסוקה (גילאי 25-64) | AF4: שכר ריאלי | AG4: משרות שכיר | AH4: יתרות מט"ח במליוני דולרים | AI4: מדד מחירי דירות (1993=100) - אמצע התקופה הנסקרת | AJ4: מדדי ערך רכישות בכרטיסי אשראי (סה"כ) (2002=100) | AK4: מדד הייצור התעשייתי (סה"כ) | AL4: המדד המשולב למצב המשק | AM4: דירות שנמכרו בקצב שנתי
A5: 34700 | B5: =MONTH(A5) -> 1 | C5: =ROUNDUP(B5/3,0) -> 1 | D5: =YEAR(A5) -> 1995 | E5: 50.644059 | L5: 18.039524 | N5: 3.0117143 | O5: 165.50652 | P5: 163.97826 | Q5: 758.01238 | R5: 465.25 | S5: 0.17 | AH5: 7655.8463 | AI5: 140.3
A6: 34731 | B6: =MONTH(A6) -> 2 | C6: =ROUNDUP(B6/3,0) -> 1 | D6: =YEAR(A6) -> 1995 | E6: 50.728537 | L6: 18.57 | M6: 93.34 | N6: 3.00955 | O6: 160.887 | P6: 161.739 | Q6: 784.24368 | R6: 481.92474 | S6: 0.17 | AH6: 8618.6176 | AI6: 140.7
A7: 34759 | B7: =MONTH(A7) -> 3 | C7: =ROUNDUP(B7/3,0) -> 1 | D7: =YEAR(A7) -> 1995 | E7: 50.686298 | L7: 18.53913 | M7: 92.47 | N7: 2.9761429 | O7: 160.5081 | P7: 159.40048 | Q7: 807.16217 | R7: 493.15304 | S7: 0.17 | AH7: 9091.1186 | AI7: 141.5
A8: 34790 | B8: =MONTH(A8) -> 4 | C8: =ROUNDUP(B8/3,0) -> 2 | D8: =YEAR(A8) -> 1995 | E8: 51.150922 | L8: 19.896316 | M8: 90.55 | N8: 2.9589412 | O8: 166.3595 | P8: 164.7245 | Q8: 825.33842 | R8: 507.90579 | S8: 0.17 | AH8: 9656.7218 | AI8: 142.7
A9: 34820 | B9: =MONTH(A9) -> 5 | C9: =ROUNDUP(B9/3,0) -> 2 | D9: =YEAR(A9) -> 1995 | E9: 51.657785 | L9: 19.741818 | M9: 90 | N9: 3.0042381 | O9: 180.16381 | P9: 176.9481 | Q9: 859.77045 | R9: 523.81364 | S9: 0.17 | AH9: 9759.9675 | AI9: 144.4
A10: 34851 | B10: =MONTH(A10) -> 6 | C10: =ROUNDUP(B10/3,0) -> 2 | D10: =YEAR(A10) -> 1995 | E10: 51.82674 | L10: 18.445909 | M10: 90.01 | N10: 2.981 | O10: 190.041 | P10: 188.3285 | Q10: 906.03545 | R10: 539.35409 | S10: 0.17 | AH10: 8931.5008 | AI10: 145.5
A11: 34881 | B11: =MONTH(A11) -> 7 | C11: =ROUNDUP(B11/3,0) -> 3 | D11: =YEAR(A11) -> 1995 | E11: 51.953455 | L11: 17.3255 | M11: 90.34 | N11: 2.9552857 | O11: 191.66227 | P11: 189.12182 | Q11: 979.364 | R11: 557.3665 | S11: 0.17 | AH11: 9076.1771 | AI11: 148.7
A12: 34912 | B12: =MONTH(A12) -> 8 | C12: =ROUNDUP(B12/3,0) -> 3 | D12: =YEAR(A12) -> 1995 | E12: 52.587034 | L12: 18.02087 | M12: 91.14 | N12: 3.0307826 | O12: 203.87955 | P12: 201.32591 | Q12: 1009.5861 | R12: 559.11 | S12: 0.17 | AH12: 8273.9323 | AI12: 151.8
A13: 34943 | B13: =MONTH(A13) -> 9 | C13: =ROUNDUP(B13/3,0) -> 3 | D13: =YEAR(A13) -> 1995 | E13: 53.093897 | L13: 18.2255 | M13: 91.74 | N13: 3.0355789 | O13: 209.76765 | P13: 206.19412 | Q13: 1051 | R13: 578.7655 | S13: 0.17 | AH13: 8989.8373 | AI13: 151.9
A14: 34973 | B14: =MONTH(A14) -> 10 | C14: =ROUNDUP(B14/3,0) -> 4 | D14: =YEAR(A14) -> 1995 | E14: 53.642999 | L14: 17.433182 | M14: 93.07 | N14: 3.0102778 | O14: 198.53706 | P14: 194.45412 | Q14: 1022.1482 | R14: 582.91818 | S14: 0.17 | AH14: 8529.6768 | AI14: 153.5
A15: 35004 | B15: =MONTH(A15) -> 11 | C15: =ROUNDUP(B15/3,0) -> 4 | D15: =YEAR(A15) -> 1995 | E15: 54.023146 | L15: 17.9925 | M15: 93.45 | N15: 3.042 | O15: 195.405 | P15: 189.73864 | Q15: 1046.6367 | R15: 595.53238 | S15: 0.17 | AH15: 8409.2189 | AI15: 157.9
A16: 35034 | B16: =MONTH(A16) -> 12 | C16: =ROUNDUP(B16/3,0) -> 4 | D16: =YEAR(A16) -> 1995 | E16: 54.656725 | L16: 19.0265 | M16: 93.23 | N16: 3.1197368 | O16: 210.60381 | P16: 203.42048 | Q16: 1047.035 | R16: 614.571 | S16: 0.17 | AH16: 8307.3915 | AI16: 162.7
A17: 35065 | B17: =MONTH(A17) -> 1 | C17: =ROUNDUP(B17/3,0) -> 1 | D17: =YEAR(A17) -> 1996 | E17: 55.121349 | F17: 3615.7 | G17: 3420.2 | H17: 2420 | I17: 703 | L17: 18.854545 | M17: 92.65 | N17: 3.1295455 | O17: 218.74565 | P17: 210.57174 | Q17: 1024.9455 | R17: 614.42 | S17: 0.17 | X17: =[1]ישיר!D6/1000 -> 4094.236 | Y17: 2775.426 | Z17: =[1]עקיף!H6 -> 703 | AA17: =[1]עקיף!P6 -> 465 | AB17: =[1]עקיף!Q6 -> 3588 | AH17: 9177.2917 | AI17: 164.7
A18: 35096 | B18: =MONTH(A18) -> 2 | C18: =ROUNDUP(B18/3,0) -> 1 | D18: =YEAR(A18) -> 1996 | E18: 55.628212 | F18: 4442.9 | G18: 3114 | H18: 1999 | I18: 637 | L18: 19.0935 | M18: 93.56 | N18: 3.1131429 | O18: 215.54048 | P18: 206.9281 | Q18: 1094.0165 | R18: 649.542 | S18: 0.17 | X18: =[1]ישיר!D7/1000 -> 4438.306 | Y18: 2717.37 | Z18: =[1]עקיף!H7 -> 637 | AA18: =[1]עקיף!P7 -> 450 | AB18: =[1]עקיף!Q7 -> 3086 | AH18: 10024.64 | AI18: 164.7
A19: 35125 | B19: =MONTH(A19) -> 3 | C19: =ROUNDUP(B19/3,0) -> 1 | D19: =YEAR(A19) -> 1996 | E19: 56.177314 | F19: 4408.6 | G19: 3707.4 | H19: 2465 | I19: 726 | L19: 21.332381 | M19: 94.75 | N19: 3.0991053 | O19: 210.082 | P19: 200.4405 | Q19: 1092.6471 | R19: 647.07476 | S19: 0.17 | X19: =[1]ישיר!D8/1000 -> 4409.521 | Y19: 2903.474 | Z19: =[1]עקיף!H8 -> 726 | AA19: =[1]עקיף!P8 -> 481 | AB19: =[1]עקיף!Q8 -> 3672 | AH19: 9836.6582 | AI19: 167
A20: 35156 | B20: =MONTH(A20) -> 4 | C20: =ROUNDUP(B20/3,0) -> 2 | D20: =YEAR(A20) -> 1996 | E20: 57.106562 | F20: 4051.2 | G20: 3154.1 | H20: 2331 | I20: 605 | L20: 23.497143 | M20: 95.95 | N20: 3.164875 | O20: 205.92688 | P20: 195.68 | Q20: 1135.6281 | R20: 647.17286 | S20: 0.17 | X20: =[1]ישיר!D9/1000 -> 4015.955 | Y20: 2703.784 | Z20: =[1]עקיף!H9 -> 605 | AA20: =[1]עקיף!P9 -> 437 | AB20: =[1]עקיף!Q9 -> 3373 | AH20: 9589.8175 | AI20: 171.8
A21: 35186 | B21: =MONTH(A21) -> 5 | C21: =ROUNDUP(B21/3,0) -> 2 | D21: =YEAR(A21) -> 1996 | E21: 58.07805 | F21: 4320.3 | G21: 3605.4 | H21: 2380 | I21: 715 | L21: 21.165455 | M21: 95.81 | N21: 3.25275 | O21: 215.144 | P21: 203.9375 | Q21: 1220.5405 | R21: 661.23045 | S21: 0.17 | X21: =[1]ישיר!D10/1000 -> 4388.474 | Y21: 2.9243 | Z21: =[1]עקיף!H10 -> 715 | AA21: =[1]עקיף!P10 -> 542 | AB21: =[1]עקיף!Q10 -> 3637 | AH21: 9373.0643 | AI21: 175.3
A22: 35217 | B22: =MONTH(A22) -> 6 | C22: =ROUNDUP(B22/3,0) -> 2 | D22: =YEAR(A22) -> 1996 | E22: 58.500436 | F22: 4207.7 | G22: 3213.1 | H22: 2114.5 | I22: 704.2 | L22: 20.4235 | M22: 95.23 | N22: 3.2555 | O22: 214.71381 | P22: 203.20143 | Q22: 1205.0755 | R22: 668.499 | S22: 0.17 | X22: =[1]ישיר!D11/1000 -> 3910.048 | Y22: 2543.934 | Z22: =[1]עקיף!H11 -> 704.2 | AA22: =[1]עקיף!P11 -> 458 | AB22: =[1]עקיף!Q11 -> 3276.7 | AH22: 9007.1596 | AI22: 174.6
A23: 35247 | B23: =MONTH(A23) -> 7 | C23: =ROUNDUP(B23/3,0) -> 3 | D23: =YEAR(A23) -> 1996 | E23: 58.66939 | F23: 4586.8 | G23: 3898.4 | H23: 2742.1 | I23: 603.2 | L23: 21.302273 | M23: 95.69 | N23: 3.1794762 | O23: 193.38714 | P23: 182.44333 | Q23: 1105.6127 | R23: 644.07045 | S23: 0.17 | X23: =[1]ישיר!D12/1000 -> 4803.693 | Y23: 3308.043 | Z23: =[1]עקיף!H12 -> 603.2 | AA23: =[1]עקיף!P12 -> 588.9 | AB23: =[1]עקיף!Q12 -> 3934.2 | AH23: 9052.0327 | AI23: 171.6
A24: 35278 | B24: =MONTH(A24) -> 8 | C24: =ROUNDUP(B24/3,0) -> 3 | D24: =YEAR(A24) -> 1996 | E24: 58.880583 | F24: 4064.2 | G24: 3144 | H24: 2052.1 | I24: 614.71 | L24: 21.903182 | M24: 97.73 | N24: 3.1461364 | O24: 187.31048 | P24: 176.91 | Q24: 1134.2459 | R24: 662.68227 | S24: 0.17 | X24: =[1]ישיר!D13/1000 -> 4111.349 | Y24: 2987.938 | Z24: =[1]עקיף!H13 -> 614.71 | AA24: =[1]עקיף!P13 -> 531.5 | AB24: =[1]עקיף!Q13 -> 3198.31 | AH24: 9655.0439 | AI24: 170.8
A25: 35309 | B25: =MONTH(A25) -> 9 | C25: =ROUNDUP(B25/3,0) -> 3 | D25: =YEAR(A25) -> 1996 | E25: 59.134014 | F25: 4635.4 | G25: 3911.4 | H25: 2669.6 | I25: 621.95 | L25: 23.9715 | M25: 98.46 | N25: 3.1668947 | O25: 199.20684 | P25: 189.71421 | Q25: 1186.442 | R25: 674.8855 | S25: 0.17 | X25: =[1]ישיר!D14/1000 -> 4618.324 | Y25: 3198.959 | Z25: =[1]עקיף!H14 -> 621.95 | AA25: =[1]עקיף!P14 -> 540.7 | AB25: =[1]עקיף!Q14 -> 3832.25 | AH25: 10367.67 | AI25: 173.5
A26: 35339 | B26: =MONTH(A26) -> 10 | C26: =ROUNDUP(B26/3,0) -> 4 | D26: =YEAR(A26) -> 1996 | E26: 59.598639 | F26: 3910.4 | G26: 3438.5 | H26: 2183.5 | I26: 712.98 | L26: 24.87913 | M26: 98.48 | N26: 3.2253478 | O26: 195.83609 | P26: 185.80522 | Q26: 1234.0422 | R26: 701.45565 | S26: 0.17 | X26: =[1]ישיר!D15/1000 -> 3945.093 | Y26: 2735.434 | Z26: =[1]עקיף!H15 -> 712.98 | AA26: =[1]עקיף!P15 -> 564 | AB26: =[1]עקיף!Q15 -> 3460.48 | AH26: 11819.772 | AI26: 176.4
A27: 35370 | B27: =MONTH(A27) -> 11 | C27: =ROUNDUP(B27/3,0) -> 4 | D27: =YEAR(A27) -> 1996 | E27: 59.978786 | F27: 4498.2 | G27: 3484.4 | H27: 2424.9 | I27: 611.325 | L27: 23.705 | M27: 97.67 | N27: 3.244381 | O27: 203.3855 | P27: 193.694 | Q27: 1259.831 | R27: 735.669 | S27: 0.17 | X27: =[1]ישיר!D16/1000 -> 4513.833 | Y27: 3072.494 | Z27: =[1]עקיף!H16 -> 611.325 | AA27: =[1]עקיף!P16 -> 460.5 | AB27: =[1]עקיף!Q16 -> 3496.725 | AH27: 11409.308 | AI27: 177.1
A28: 35400 | B28: =MONTH(A28) -> 12 | C28: =ROUNDUP(B28/3,0) -> 4 | D28: =YEAR(A28) -> 1996 | E28: 60.44341 | F28: 4054.2 | G28: 4160.322 | H28: 2089.8 | I28: 759.798 | L28: 25.228571 | M28: 96.83 | N28: 3.2764737 | O28: 215.16409 | P28: 206.18636 | Q28: 1292.151 | R28: 743.24905 | S28: 0.17 | X28: =[1]ישיר!D17/1000 -> 3749.646 | Y28: 2833.59 | Z28: =[1]עקיף!H17 -> 759.798 | AA28: =[1]עקיף!P17 -> 847 | AB28: =[1]עקיף!Q17 -> 3696.598 | AH28: 11574.64 | AI28: 178.4
... A40: 35765 | B40: =MONTH(A40) -> 12 | C40: =ROUNDUP(B40/3,0) -> 4 | D40: =YEAR(A40) -> 1997 | E40: 64.667268 | F40: 4810.4 | G40: 4274.033 | H40: 2345.324 | I40: 914.392 | L40: 18.332727 | M40: 101.16 | N40: 3.5343889 | O40: 295.9645 | P40: 283.75 | Q40: 1566.9968 | R40: 962.36545 | S40: 0.17 | X40: =[1]ישיר!D29/1000 -> 4249.34 | Y40: 3199.78 | Z40: =[1]עקיף!H29 -> 914.392 | AA40: =[1]עקיף!P29 -> 676 | AB40: =[1]עקיף!Q29 -> 3935.716 | AH40: 20332.481 | AI40: 190.9
A41: 35796 | B41: =MONTH(A41) -> 1 | C41: =ROUNDUP(B41/3,0) -> 1 | D41: =YEAR(A41) -> 1998 | E41: 64.878461 | F41: 5156.8 | G41: 3681 | H41: 2646.3 | I41: 536.1 | L41: 16.724 | M41: 103.3 | N41: 3.5771905 | O41: 284.03571 | P41: 273.95619 | Q41: 1570.2345 | R41: 963.359 | S41: 0.17 | X41: =[1]ישיר!D30/1000 -> 5869.41 | Y41: 4105.199 | Z41: =[1]עקיף!H30 -> 536.1 | AA41: =[1]עקיף!P30 -> 592.8 | AB41: =[1]עקיף!Q30 -> 3775.2 | AH41: 21923.216 | AI41: 191.1 | AL41: 39.363458 | AM41: 19212
A42: 35827 | B42: =MONTH(A42) -> 2 | C42: =ROUNDUP(B42/3,0) -> 1 | D42: =YEAR(A42) -> 1998 | E42: 64.836223 | F42: 4392.1 | G42: 3690.2 | H42: 2440.4 | I42: 573.4 | L42: 16.06 | M42: 104.14 | N42: 3.5943 | O42: 281.8825 | P42: 271.0345 | Q42: 1714.8721 | R42: 1023.7421 | S42: 0.17 | X42: =[1]ישיר!D31/1000 -> 3785.349 | Y42: 2612.299 | Z42: =[1]עקיף!H31 -> 573.4 | AA42: =[1]עקיף!P31 -> 537.9 | AB42: =[1]עקיף!Q31 -> 3551.7 | AH42: 21811.626 | AI42: 190.1 | AL42: 39.473875 | AM42: 21600
A43: 35855 | B43: =MONTH(A43) -> 3 | C43: =ROUNDUP(B43/3,0) -> 1 | D43: =YEAR(A43) -> 1998 | E43: 64.709507 | F43: 6098.3 | G43: 4582 | H43: 3239.5 | I43: 818.4 | L43: 15.115455 | M43: 102.61 | N43: 3.58625 | O43: 306.43591 | P43: 294.80318 | Q43: 1781.2695 | R43: 1076.8277 | S43: 0.17 | X43: =[1]ישיר!D32/1000 -> 6746 | Y43: 4603.479 | Z43: =[1]עקיף!H32 -> 818.4 | AA43: =[1]עקיף!P32 -> 657.5 | AB43: =[1]עקיף!Q32 -> 4715.4 | AH43: 21603.442 | AI43: 191.6 | AL43: 39.615054 | AM43: 20196
A44: 35886 | B44: =MONTH(A44) -> 4 | C44: =ROUNDUP(B44/3,0) -> 2 | D44: =YEAR(A44) -> 1998 | E44: 65.596517 | F44: 5439.5 | G44: 3588 | H44: 2329.5 | I44: 762.6 | L44: 15.35381 | M44: 102.43 | N44: 3.7050556 | O44: 327.08474 | P44: 311.05684 | Q44: 1852.3 | R44: 1112.1962 | S44: 0.17 | X44: =[1]ישיר!D33/1000 -> 5446.3 | Y44: 3585.355 | Z44: =[1]עקיף!H33 -> 762.6 | AA44: =[1]עקיף!P33 -> 575.1 | AB44: =[1]עקיף!Q33 -> 3667.2 | AH44: 21837.742 | AI44: 193.5 | AL44: 39.684279 | AM44: 18012
A45: 35916 | B45: =MONTH(A45) -> 5 | C45: =ROUNDUP(B45/3,0) -> 2 | D45: =YEAR(A45) -> 1998 | E45: 65.849949 | F45: 5579.4 | G45: 4057.6 | H45: 2923.2 | I45: 597.7 | L45: 14.914 | M45: 100 | N45: 3.6654737 | O45: 339.001 | P45: 323.0095 | Q45: 1836.3925 | R45: 1108.417 | S45: 0.17 | X45: =[1]ישיר!D34/1000 -> 5624.066 | Y45: 3818.548 | Z45: =[1]עקיף!H34 -> 597.7 | AA45: =[1]עקיף!P34 -> 637.9 | AB45: =[1]עקיף!Q34 -> 4158.8 | AH45: 21537.104 | AI45: 193.4 | AL45: 39.734629 | AM45: 18888
A46: 35947 | B46: =MONTH(A46) -> 6 | C46: =ROUNDUP(B46/3,0) -> 2 | D46: =YEAR(A46) -> 1998 | E46: 66.10338 | F46: 4858.1 | G46: 3844.4 | H46: 2381.7 | I46: 817.3 | L46: 13.721818 | M46: 101.03 | N46: 3.6642273 | O46: 340.04773 | P46: 325.01273 | Q46: 1795.7445 | R46: 1108.3895 | S46: 0.17 | X46: =[1]ישיר!D35/1000 -> 4699.947 | Y46: 3259.932 | Z46: =[1]עקיף!H35 -> 817.3 | AA46: =[1]עקיף!P35 -> 675.3 | AB46: =[1]עקיף!Q35 -> 3874.3 | AH46: 21322.432 | AI46: 190.1 | AL46: 39.845791 | AM46: 17256
A47: 35977 | B47: =MONTH(A47) -> 7 | C47: =ROUNDUP(B47/3,0) -> 3 | D47: =YEAR(A47) -> 1998 | E47: 66.018903 | F47: 6146.2 | G47: 4327 | H47: 3041.95 | I47: 612.8 | L47: 14.172727 | M47: 102.33 | N47: 3.6600435 | O47: 330.41864 | P47: 316.77455 | Q47: 1941.5768 | R47: 1156.5773 | S47: 0.17 | X47: =[1]ישיר!D36/1000 -> 6148.992 | Y47: 4110.934 | Z47: =[1]עקיף!H36 -> 612.8 | AA47: =[1]עקיף!P36 -> 699.9 | AB47: =[1]עקיף!Q36 -> 4354.65 | AH47: 21405.084 | AI47: 188.1 | AL47: 39.930907 | AM47: 18168
A48: 36008 | B48: =MONTH(A48) -> 8 | C48: =ROUNDUP(B48/3,0) -> 3 | D48: =YEAR(A48) -> 1998 | E48: 66.356812 | F48: 5463.8 | G48: 4029.5 | H48: 2546.2 | I48: 775.9 | L48: 13.471905 | M48: 102.57 | N48: 3.7075714 | O48: 323.73095 | P48: 312.29714 | Q48: 1784.7505 | R48: 1074.6205 | S48: 0.17 | X48: =[1]ישיר!D37/1000 -> 4776.638 | Y48: 3009.388 | Z48: =[1]עקיף!H37 -> 775.9 | AA48: =[1]עקיף!P37 -> 687.4 | AB48: =[1]עקיף!Q37 -> 4009.5 | AH48: 21544.499 | AI48: 191 | AL48: 40.048978 | AM48: 24612
A49: 36039 | B49: =MONTH(A49) -> 9 | C49: =ROUNDUP(B49/3,0) -> 3 | D49: =YEAR(A49) -> 1998 | E49: 67.28606 | F49: 5758.9 | G49: 4508.7 | H49: 3407 | I49: 696.4 | L49: 15.031429 | M49: 102.05 | N49: 3.8448889 | O49: 294.78294 | P49: 288.81353 | Q49: 1663.4271 | R49: 1020.64 | S49: 0.17 | X49: =[1]ישיר!D38/1000 -> 5668.694 | Y49: 3628.287 | Z49: =[1]עקיף!H38 -> 696.4 | AA49: =[1]עקיף!P38 -> 617.9 | AB49: =[1]עקיף!Q38 -> 4721.3 | AH49: 21714.884 | AI49: 198.3 | AL49: 40.094375 | AM49: 19260
A50: 36069 | B50: =MONTH(A50) -> 10 | C50: =ROUNDUP(B50/3,0) -> 4 | D50: =YEAR(A50) -> 1998 | E50: 69.313512 | F50: 5018.9 | G50: 3886.4 | H50: 2383.5 | I50: 908.6 | L50: 14.460909 | M50: 97.26 | N50: 4.194 | O50: 273.14353 | P50: 268.81765 | Q50: 1615.6945 | R50: 1032.47 | S50: 0.17 | X50: =[1]ישיר!D39/1000 -> 5927.409 | Y50: 4398.959 | Z50: =[1]עקיף!H39 -> 908.6 | AA50: =[1]עקיף!P39 -> 645.8 | AB50: =[1]עקיף!Q39 -> 3937.9 | AH50: 21914.409 | AI50: 204.4 | AL50: 40.272728 | AM50: 21420
A51: 36100 | B51: =MONTH(A51) -> 11 | C51: =ROUNDUP(B51/3,0) -> 4 | D51: =YEAR(A51) -> 1998 | E51: 70.200523 | F51: 4918.7 | G51: 4455.4 | H51: 3021.7 | I51: 634.7 | L51: 13.002105 | M51: 89.39 | N51: 4.2263333 | O51: 290.30636 | P51: 283.59864 | Q51: 1888.721 | R51: 1144.4335 | S51: 0.17 | X51: =[1]ישיר!D40/1000 -> 4879.52 | Y51: 3637.065 | Z51: =[1]עקיף!H40 -> 634.7 | AA51: =[1]עקיף!P40 -> 686.3 | AB51: =[1]עקיף!Q40 -> 4342.7 | AH51: 22478.556 | AI51: 204.4 | AL51: 40.328702 | AM51: 19356
A52: 36130 | B52: =MONTH(A52) -> 12 | C52: =ROUNDUP(B52/3,0) -> 4 | D52: =YEAR(A52) -> 1998 | E52: 70.242761 | F52: 5198.6 | G52: 4683.896 | H52: 2773.4 | I52: 752.6 | L52: 11.347273 | M52: 90.69 | N52: 4.1764091 | O52: 305.27783 | P52: 296.5613 | Q52: 2071.0332 | R52: 1190.0509 | S52: 0.17 | X52: =[1]ישיר!D41/1000 -> 4878.34 | Y52: 3726.839 | Z52: =[1]עקיף!H41 -> 752.6 | AA52: =[1]עקיף!P41 -> 699 | AB52: =[1]עקיף!Q41 -> 4225 | AH52: 22674.335 | AI52: 204.3 | AL52: 40.38345 | AM52: 19692
... A91: 37316 | B91: =MONTH(A91) -> 3 | C91: =ROUNDUP(B91/3,0) -> 1 | D91: =YEAR(A91) -> 2002 | E91: 73.895189 | F91: 7143 | G91: 5111 | H91: 3715 | I91: 761 | L91: 24.531 | M91: 93.28 | N91: 4.6643889 | O91: 419.94474 | P91: 403.66 | Q91: 1863.0455 | R91: 1153.791 | S91: 0.17 | X91: =[1]ישיר!D80/1000 -> 6990.904 | Y91: 4855.173 | Z91: =[1]עקיף!H80 -> 761 | AA91: =[1]עקיף!P80 -> 662 | AB91: =[1]עקיף!Q80 -> 5138 | AH91: 24221.443 | AI91: 197.6 | AL91: 45.082342 | AM91: 15240
A92: 37347 | B92: =MONTH(A92) -> 4 | C92: =ROUNDUP(B92/3,0) -> 2 | D92: =YEAR(A92) -> 2002 | E92: 75.032038 | F92: 6638 | G92: 4891 | H92: 3320 | I92: 938 | J92: 100 | L92: 26.179091 | M92: 92.73 | N92: 4.8062105 | O92: 389.52056 | P92: 375.65944 | Q92: 1758.8023 | R92: 1112.0345 | S92: 0.17 | X92: =[1]ישיר!D81/1000 -> 6780.112 | Y92: 4780.197 | Z92: =[1]עקיף!H81 -> 938 | AA92: =[1]עקיף!P81 -> 613 | AB92: =[1]עקיף!Q81 -> 4871 | AH92: 24345.494 | AI92: 199.8 | AL92: 45.18891 | AM92: 15996
A93: 37377 | B93: =MONTH(A93) -> 5 | C93: =ROUNDUP(B93/3,0) -> 2 | D93: =YEAR(A93) -> 2002 | E93: 75.742569 | F93: 7127 | G93: 5079 | H93: 3643 | I93: 790 | J93: 97.8 | L93: 27.041364 | M93: 90.46 | N93: 4.8940455 | O93: 388.12429 | P93: 375.72143 | Q93: 1660.3109 | R93: 1079.2673 | S93: 0.17 | X93: =[1]ישיר!D82/1000 -> 7070.73 | Y93: 5073.527 | Z93: =[1]עקיף!H82 -> 790 | AA93: =[1]עקיף!P82 -> 774 | AB93: =[1]עקיף!Q82 -> 5207 | AH93: 24431.453 | AI93: 201.6 | AL93: 45.252522 | AM93: 16128
A94: 37408 | B94: =MONTH(A94) -> 6 | C94: =ROUNDUP(B94/3,0) -> 2 | D94: =YEAR(A94) -> 2002 | E94: 76.737311 | F94: 6286 | G94: 4795 | H94: 3215 | I94: 915 | J94: 95.6 | L94: 25.5185 | M94: 88.22 | N94: 4.93935 | O94: 371.37238 | P94: 361.2281 | Q94: 1505.4885 | R94: 1014.048 | S94: 0.18 | X94: =[1]ישיר!D83/1000 -> 6161.071 | Y94: 4560.367 | Z94: =[1]עקיף!H83 -> 915 | AA94: =[1]עקיף!P83 -> 752 | AB94: =[1]עקיף!Q83 -> 4882 | AH94: 25164.186 | AI94: 198.8 | AL94: 45.446216 | AM94: 16200
A95: 37438 | B95: =MONTH(A95) -> 7 | C95: =ROUNDUP(B95/3,0) -> 3 | D95: =YEAR(A95) -> 2002 | E95: 77.234683 | F95: 7879 | G95: 6165 | H95: 4308 | I95: 800 | J95: 94.6 | L95: 26.96619 | M95: 87.19 | N95: 4.7209545 | O95: 371.06409 | P95: 357.89136 | Q95: 1346.0855 | R95: 903.58545 | S95: 0.18 | X95: =[1]ישיר!D84/1000 -> 7792.407 | Y95: 5849.77 | Z95: =[1]עקיף!H84 -> 800 | AA95: =[1]עקיף!P84 -> 837 | AB95: =[1]עקיף!Q84 -> 5945 | AH95: 25132.626 | AI95: 196.4 | AL95: 45.64293 | AM95: 16260
A96: 37469 | B96: =MONTH(A96) -> 8 | C96: =ROUNDUP(B96/3,0) -> 3 | D96: =YEAR(A96) -> 2002 | E96: 76.950471 | F96: 5826 | G96: 5116 | H96: 3312 | I96: 847 | J96: 89.4 | L96: 28.385 | M96: 90.31 | N96: 4.6761818 | O96: 370.05429 | P96: 358.71238 | Q96: 1327.3605 | R96: 912.55227 | S96: 0.18 | X96: =[1]ישיר!D85/1000 -> 6231.876 | Y96: 5102.757 | Z96: =[1]עקיף!H85 -> 847 | AA96: =[1]עקיף!P85 -> 860 | AB96: =[1]עקיף!Q85 -> 5019 | AH96: 24654.931 | AI96: 196.6 | AL96: 45.832113 | AM96: 12948
A97: 37500 | B97: =MONTH(A97) -> 9 | C97: =ROUNDUP(B97/3,0) -> 3 | D97: =YEAR(A97) -> 2002 | E97: 77.234683 | F97: 6655 | G97: 6088 | H97: 4719 | I97: 775 | J97: 99.6 | L97: 29.6635 | M97: 91.37 | N97: 4.775 | O97: 361.92579 | P97: 351.96789 | Q97: 1251.069 | R97: 867.812 | S97: 0.18 | X97: =[1]ישיר!D86/1000 -> 6523.399 | Y97: 4670.539 | Z97: =[1]עקיף!H86 -> 775 | AA97: =[1]עקיף!P86 -> 799 | AB97: =[1]עקיף!Q86 -> 6293 | AH97: 24622.942 | AI97: 196.3 | AL97: 45.913738 | AM97: 14556
A98: 37530 | B98: =MONTH(A98) -> 10 | C98: =ROUNDUP(B98/3,0) -> 4 | D98: =YEAR(A98) -> 2002 | E98: 77.732054 | F98: 6103 | G98: 5464 | H98: 3664 | I98: 868 | J98: 89.8 | L98: 28.836522 | M98: 89.56 | N98: 4.7983043 | O98: 336.98913 | P98: 328.31522 | Q98: 1241.9122 | R98: 854.6313 | S98: 0.18 | X98: =[1]ישיר!D87/1000 -> 5228.968 | Y98: 3879.946 | Z98: =[1]עקיף!H87 -> 868 | AA98: =[1]עקיף!P87 -> 795 | AB98: =[1]עקיף!Q87 -> 5327 | AH98: 24229.4 | AI98: 194.6 | AL98: 45.99483 | AM98: 11328
A99: 37561 | B99: =MONTH(A99) -> 11 | C99: =ROUNDUP(B99/3,0) -> 4 | D99: =YEAR(A99) -> 2002 | E99: 77.092577 | F99: 6100 | G99: 4290 | H99: 2823 | I99: 759 | J99: 91 | L99: 26.352105 | M99: 89.58 | N99: 4.6866667 | O99: 343.5945 | P99: 337.397 | Q99: 1409.151 | R99: 909.927 | S99: 0.18 | X99: =[1]ישיר!D88/1000 -> 7348.505 | Y99: 5795.576 | Z99: =[1]עקיף!H88 -> 759 | AA99: =[1]עקיף!P88 -> 771 | AB99: =[1]עקיף!Q88 -> 4353 | AH99: 23658.75 | AI99: 192.7 | AL99: 46.004978 | AM99: 11724
A100: 37591 | B100: =MONTH(A100) -> 12 | C100: =ROUNDUP(B100/3,0) -> 4 | D100: =YEAR(A100) -> 2002 | E100: 76.879418 | F100: 6572.6 | G100: 5669 | H100: 3714 | I100: 980 | J100: 93 | L100: 29.460952 | M100: 89.78 | N100: 4.6937143 | O100: 360.10652 | P100: 352.87478 | Q100: 1387.1519 | R100: 899.17857 | S100: 0.18 | X100: =[1]ישיר!D89/1000 -> 6015.343 | Y100: 4643.09 | Z100: =[1]עקיף!H89 -> 980 | AA100: =[1]עקיף!P89 -> 783 | AB100: =[1]עקיף!Q89 -> 5477 | AH100: 24082.622 | AI100: 193 | AL100: 46.187133 | AM100: 14280
A101: 37622 | B101: =MONTH(A101) -> 1 | C101: =ROUNDUP(B101/3,0) -> 1 | D101: =YEAR(A101) -> 2003 | E101: 77.022945 | F101: 5672.5 | G101: 4943.3 | H101: 3765 | I101: 714 | J101: 95 | L101: 32.947143 | M101: 88.63 | N101: 4.8362857 | O101: 320.20667 | P101: 324.12476 | Q101: 1389.5595 | R101: 895.83619 | S101: 0.18 | X101: =[1]ישיר!D90/1000 -> 6326.873 | Y101: 5134.721 | Z101: =[1]עקיף!H90 -> 714 | AA101: =[1]עקיף!P90 -> 818 | AB101: =[1]עקיף!Q90 -> 5297 | AH101: 23852.217 | AI101: 193.6 | AL101: 46.253612 | AM101: 10956
A102: 37653 | B102: =MONTH(A102) -> 2 | C102: =ROUNDUP(B102/3,0) -> 1 | D102: =YEAR(A102) -> 2003 | E102: 77.326483 | F102: 6436.1 | G102: 4802.7 | H102: 3248 | I102: 721 | J102: 97 | L102: 35.828421 | M102: 84.28 | N102: 4.8659 | O102: 305.1945 | P102: 312.9085 | Q102: 1313.2616 | R102: 837.61895 | S102: 0.18 | X102: =[1]ישיר!D91/1000 -> 6344.547 | Y102: 4713.466 | Z102: =[1]עקיף!H91 -> 721 | AA102: =[1]עקיף!P91 -> 742 | AB102: =[1]עקיף!Q91 -> 4711 | AH102: 23481.689 | AI102: 192.7 | AL102: 46.277862 | AM102: 12000
A103: 37681 | B103: =MONTH(A103) -> 3 | C103: =ROUNDUP(B103/3,0) -> 1 | D103: =YEAR(A103) -> 2003 | E103: 77.478253 | F103: 6571.6 | G103: 5762.7 | H103: 4242 | I103: 834 | J103: 102.2 | L103: 33.513333 | M103: 83.31 | N103: 4.7809474 | O103: 330.97762 | P103: 335.58429 | Q103: 1348.5038 | R103: 846.62143 | S103: 0.18 | X103: =[1]ישיר!D92/1000 -> 6709.148 | Y103: 4901.42 | Z103: =[1]עקיף!H92 -> 834 | AA103: =[1]עקיף!P92 -> 767 | AB103: =[1]עקיף!Q92 -> 5843 | AH103: 23937.148 | AI103: 188.2 | AL103: 46.231324 | AM103: 10776
... A112: 37956 | B112: =MONTH(A112) -> 12 | C112: =ROUNDUP(B112/3,0) -> 4 | D112: =YEAR(A112) -> 2003 | E112: 75.429367 | F112: 6415 | G112: 4943.2 | H112: 3021 | I112: 1054 | J112: 102.9 | L112: 32.129048 | M112: 83.22 | N112: 4.3928095 | O112: 485.13783 | P112: 513.22957 | Q112: 1956.9845 | R112: 1080.6359 | S112: 0.18 | X112: =[1]ישיר!D101/1000 -> 5543.115 | Y112: 4411.33 | Z112: =[1]עקיף!H101 -> 1054 | AA112: =[1]עקיף!P101 -> 792 | AB112: =[1]עקיף!Q101 -> 4867 | AH112: 26314.303 | AI112: 181.2 | AL112: 47.655208 | AM112: 12792
A113: 37987 | B113: =MONTH(A113) -> 1 | C113: =ROUNDUP(B113/3,0) -> 1 | D113: =YEAR(A113) -> 2004 | E113: 75.277597 | F113: 6405.5 | G113: 5704.8 | H113: 4108 | I113: 960 | J113: 103.2 | K113: 111.9 | L113: 34.31 | M113: 82.91 | N113: 4.4235238 | O113: 517.276 | P113: 562.378 | Q113: 2098.004 | R113: 1132.5175 | S113: 0.18 | T113: 72.4 | U113: 74.8 | V113: 61.3 | W113: 72.5 | X113: =[1]ישיר!D102/1000 -> 6920.434 | Y113: 5239.621 | Z113: =[1]עקיף!H102 -> 960 | AA113: =[1]עקיף!P102 -> 821 | AB113: =[1]עקיף!Q102 -> 5889 | AH113: 26033.669 | AI113: 182 | AJ113: 111.9 | AK113: 74.3 | AL113: 47.534098 | AM113: 22872
A114: 38018 | B114: =MONTH(A114) -> 2 | C114: =ROUNDUP(B114/3,0) -> 1 | D114: =YEAR(A114) -> 2004 | E114: 75.429367 | F114: 7229 | G114: 4950.3 | H114: 3607 | I114: 878 | J114: 107.2 | K114: 111.9 | L114: 34.684737 | M114: 80.68 | N114: 4.46375 | O114: 522.07952 | P114: 564.74095 | Q114: 2048.36 | R114: 1143.3563 | S114: 0.18 | T114: 73.8 | U114: 74.4 | V114: 59.6 | W114: 71.7 | X114: =[1]ישיר!D103/1000 -> 7528.923 | Y114: 5306.171 | Z114: =[1]עקיף!H103 -> 878 | AA114: =[1]עקיף!P103 -> 811 | AB114: =[1]עקיף!Q103 -> 5296 | AH114: 26285.862 | AI114: 183.7 | AJ114: 111.9 | AK114: 73.4 | AL114: 47.510651 | AM114: 17148
A115: 38047 | B115: =MONTH(A115) -> 3 | C115: =ROUNDUP(B115/3,0) -> 1 | D115: =YEAR(A115) -> 2004 | E115: 75.353482 | F115: 6926.5 | G115: 6332.6 | H115: 4059 | I115: 983 | J115: 109.4 | K115: 111.8 | L115: 36.741304 | M115: 79.69 | N115: 4.5031364 | O115: 529.05545 | P115: 571.10955 | Q115: 1979.4787 | R115: 1123.9783 | S115: 0.17 | T115: 75.1 | U115: 75.9 | V115: 59.7 | W115: 71.5 | X115: =[1]ישיר!D104/1000 -> 7202.367 | Y115: 4937.287 | Z115: =[1]עקיף!H104 -> 983 | AA115: =[1]עקיף!P104 -> 933 | AB115: =[1]עקיף!Q104 -> 5975 | AH115: 26677.493 | AI115: 184.9 | AJ115: 111.8 | AK115: 74.3 | AL115: 47.575206 | AM115: 20004
A116: 38078 | B116: =MONTH(A116) -> 4 | C116: =ROUNDUP(B116/3,0) -> 2 | D116: =YEAR(A116) -> 2004 | E116: 76.188213 | F116: 6673.2 | G116: 4712.9 | H116: 3383 | I116: 528 | J116: 115.2 | K116: 113.8 | L116: 36.75 | M116: 79.48 | N116: 4.5522941 | O116: 537.66733 | P116: 580.21333 | Q116: 2021.3229 | R116: 1133.0786 | S116: 0.17 | T116: 75.5 | U116: 76.7 | V116: 62.1 | W116: 71.9 | X116: =[1]ישיר!D105/1000 -> 6591.437 | Y116: 4469.483 | Z116: =[1]עקיף!H105 -> 528 | AA116: =[1]עקיף!P105 -> 797 | AB116: =[1]עקיף!Q105 -> 4708 | AH116: 27162.738 | AI116: 186.6 | AJ116: 113.8 | AK116: 74.5 | AL116: 47.805019 | AM116: 22212
A117: 38108 | B117: =MONTH(A117) -> 5 | C117: =ROUNDUP(B117/3,0) -> 2 | D117: =YEAR(A117) -> 2004 | E117: 76.491752 | F117: 6879.3 | G117: 6342.8 | H117: 4321 | I117: 1349 | J117: 116.1 | K117: 113.9 | L117: 40.275 | M117: 79.99 | N117: 4.5955 | O117: 525.699 | P117: 564.771 | Q117: 1930.089 | R117: 1102.7815 | S117: 0.17 | T117: 75.2 | U117: 74.8 | V117: 60.6 | W117: 71.8 | X117: =[1]ישיר!D106/1000 -> 6849.586 | Y117: 4676.075 | Z117: =[1]עקיף!H106 -> 1349 | AA117: =[1]עקיף!P106 -> 818 | AB117: =[1]עקיף!Q106 -> 6488 | AH117: 26695.564 | AI117: 187.6 | AJ117: 113.9 | AK117: 73 | AL117: 47.97768 | AM117: 22740
A118: 38139 | B118: =MONTH(A118) -> 6 | C118: =ROUNDUP(B118/3,0) -> 2 | D118: =YEAR(A118) -> 2004 | E118: 76.491752 | F118: 5780.5 | G118: 4603.9 | H118: 2748 | I118: 1049 | J118: 115.1 | K118: 116.3 | L118: 38.025238 | M118: 79.96 | N118: 4.5166364 | O118: 545.44773 | P118: 582.555 | Q118: 2000.9795 | R118: 1132.7571 | S118: 0.17 | T118: 76.2 | U118: 77.3 | V118: 61.5 | W118: 73.2 | X118: =[1]ישיר!D107/1000 -> 5861.768 | Y118: 4081.746 | Z118: =[1]עקיף!H107 -> 1049 | AA118: =[1]עקיף!P107 -> 799 | AB118: =[1]עקיף!Q107 -> 4596 | AH118: 26202.295 | AI118: 186.6 | AJ118: 116.3 | AK118: 75 | AL118: 48.055244 | AM118: 20628
A119: 38169 | B119: =MONTH(A119) -> 7 | C119: =ROUNDUP(B119/3,0) -> 3 | D119: =YEAR(A119) -> 2004 | E119: 76.339983 | F119: 7061 | G119: 5573.2 | H119: 3686 | I119: 860 | J119: 117.9 | K119: 118.4 | L119: 40.778095 | M119: 80.42 | N119: 4.4912381 | O119: 553.8005 | P119: 589.0795 | Q119: 1912.4243 | R119: 1105.8467 | S119: 0.17 | T119: 75.9 | U119: 77.6 | V119: 61.4 | W119: 76.1 | X119: =[1]ישיר!D108/1000 -> 7085.774 | Y119: 4950.935 | Z119: =[1]עקיף!H108 -> 860 | AA119: =[1]עקיף!P108 -> 917 | AB119: =[1]עקיף!Q108 -> 5463 | AH119: 26328.98 | AI119: 187.2 | AJ119: 118.4 | AK119: 73.7 | AL119: 47.969331 | AM119: 17232
A120: 38200 | B120: =MONTH(A120) -> 8 | C120: =ROUNDUP(B120/3,0) -> 3 | D120: =YEAR(A120) -> 2004 | E120: 76.491752 | F120: 6202.5 | G120: 6192.1 | H120: 4234 | I120: 1279 | J120: 114.3 | K120: 119.9 | L120: 44.903182 | M120: 80.27 | N120: 4.5340909 | O120: 522.08478 | P120: 549.80739 | Q120: 1821.5382 | R120: 1088.935 | S120: 0.17 | T120: 76.9 | U120: 77.3 | V120: 60.5 | W120: 75.9 | X120: =[1]ישיר!D109/1000 -> 6174.724 | Y120: 4270.124 | Z120: =[1]עקיף!H109 -> 1279 | AA120: =[1]עקיף!P109 -> 859 | AB120: =[1]עקיף!Q109 -> 6372 | AH120: 26134.377 | AI120: 185.7 | AJ120: 119.8 | AK120: 74.9 | AL120: 48.256597 | AM120: 19680
A121: 38231 | B121: =MONTH(A121) -> 9 | C121: =ROUNDUP(B121/3,0) -> 3 | D121: =YEAR(A121) -> 2004 | E121: 76.339983 | F121: 6875.7 | G121: 5602 | H121: 3914 | I121: 750 | J121: 116.8 | K121: 119.4 | L121: 45.935714 | M121: 79.97 | N121: 4.4974667 | O121: 530.6275 | P121: 559.8175 | Q121: 1884.731 | R121: 1117.6562 | S121: 0.17 | T121: 78.1 | U121: 79 | V121: 63.8 | W121: 76.6 | X121: =[1]ישיר!D110/1000 -> 6925.513 | Y121: 4464.369 | Z121: =[1]עקיף!H110 -> 750 | AA121: =[1]עקיף!P110 -> 834 | AB121: =[1]עקיף!Q110 -> 5498 | AH121: 26315.379 | AI121: 182.4 | AJ121: 119.3 | AK121: 75 | AL121: 48.630173 | AM121: 20892
A122: 38261 | B122: =MONTH(A122) -> 10 | C122: =ROUNDUP(B122/3,0) -> 4 | D122: =YEAR(A122) -> 2004 | E122: 76.339983 | F122: 6404.8 | G122: 5536.9 | H122: 3656 | I122: 1043 | J122: 116.5 | K122: 118.9 | L122: 53.280476 | M122: 80.31 | N122: 4.4596 | O122: 528.29105 | P122: 553.42158 | Q122: 1938.2524 | R122: 1118.0681 | S122: 0.17 | T122: 77.2 | U122: 77.4 | V122: 60.8 | W122: 75.8 | X122: =[1]ישיר!D111/1000 -> 6348.045 | Y122: 4169.962 | Z122: =[1]עקיף!H111 -> 1043 | AA122: =[1]עקיף!P111 -> 834 | AB122: =[1]עקיף!Q111 -> 5533 | AH122: 26094.421 | AI122: 182 | AJ122: 118.9 | AK122: 78.2 | AL122: 49.103018 | AM122: 18324
A123: 38292 | B123: =MONTH(A123) -> 11 | C123: =ROUNDUP(B123/3,0) -> 4 | D123: =YEAR(A123) -> 2004 | E123: 76.264098 | F123: 6506.1 | G123: 5550 | H123: 3674 | I123: 1013 | J123: 114.6 | K123: 119 | L123: 48.469 | M123: 79.63 | N123: 4.4052273 | O123: 554.86591 | P123: 580.65318 | Q123: 2062.87 | R123: 1168.9376 | S123: 0.17 | T123: 77.2 | U123: 78.2 | V123: 62.6 | W123: 75.1 | X123: =[1]ישיר!D112/1000 -> 6683.94 | Y123: 4404.609 | Z123: =[1]עקיף!H112 -> 1013 | AA123: =[1]עקיף!P112 -> 798 | AB123: =[1]עקיף!Q112 -> 5485 | AH123: 27338.984 | AI123: 180.4 | AJ123: 119 | AK123: 75.8 | AL123: 49.409876 | AM123: 17136
A124: 38322 | B124: =MONTH(A124) -> 12 | C124: =ROUNDUP(B124/3,0) -> 4 | D124: =YEAR(A124) -> 2004 | E124: 76.339983 | F124: 6794.2 | G124: 5469.3 | H124: 3226 | I124: 1178 | J124: 116.9 | K124: 120.8 | L124: 43.149524 | M124: 78.61 | N124: 4.3418261 | O124: 599.15318 | P124: 619.175 | Q124: 2149.5318 | R124: 1199.2095 | S124: 0.17 | T124: 78 | U124: 82.4 | V124: 62 | W124: 76.5 | X124: =[1]ישיר!D113/1000 -> 5938.975 | Y124: 4385.541 | Z124: =[1]עקיף!H113 -> 1178 | AA124: =[1]עקיף!P113 -> 864 | AB124: =[1]עקיף!Q113 -> 5268 | AH124: 27094.577 | AI124: 178.8 | AJ124: 120.8 | AK124: 74.6 | AL124: 49.610999 | AM124: 17328
A125: 38353 | B125: =MONTH(A125) -> 1 | C125: =ROUNDUP(B125/3,0) -> 1 | D125: =YEAR(A125) -> 2005 | E125: 75.884675 | F125: 7327.9 | G125: 5958.7 | H125: 4420 | I125: 925.5 | J125: 118.6 | K125: 124 | L125: 46.837 | M125: 78.39 | N125: 4.3786667 | O125: 623.74591 | P125: 649.05091 | Q125: 2071.8715 | R125: 1181.408 | S125: 0.17 | T125: 78.3 | U125: 78.9 | V125: 62.1 | W125: 77 | X125: =[1]ישיר!D114/1000 -> 8374.396 | Y125: 5645.039 | Z125: =[1]עקיף!H114 -> 925.5 | AA125: =[1]עקיף!P114 -> 862.5 | AB125: =[1]עקיף!Q114 -> 6208 | AG125: 2441.5 | AH125: 27179.689 | AI125: 178.6 | AJ125: 124 | AK125: 79.1 | AL125: 49.652883 | AM125: 18684
A126: 38384 | B126: =MONTH(A126) -> 2 | C126: =ROUNDUP(B126/3,0) -> 1 | D126: =YEAR(A126) -> 2005 | E126: 76.036444 | F126: 7031.1 | G126: 5065.6 | H126: 3262 | I126: 844 | J126: 122 | K126: 123.1 | L126: 48.148947 | M126: 77.89 | N126: 4.37025 | O126: 641.996 | P126: 666.0325 | Q126: 2065.7358 | R126: 1199.6268 | S126: 0.17 | T126: 79.1 | U126: 79.9 | V126: 63.3 | W126: 83.7 | X126: =[1]ישיר!D115/1000 -> 7002.87 | Y126: 4708.929 | Z126: =[1]עקיף!H115 -> 844 | AA126: =[1]עקיף!P115 -> 813 | AB126: =[1]עקיף!Q115 -> 4919 | AG126: 2449.8 | AH126: 27207.763 | AI126: 179.5 | AJ126: 123.1 | AK126: 78 | AL126: 49.553487 | AM126: 17196
A127: 38412 | B127: =MONTH(A127) -> 3 | C127: =ROUNDUP(B127/3,0) -> 1 | D127: =YEAR(A127) -> 2005 | E127: 75.884675 | F127: 7808.2 | G127: 6079.2 | H127: 4239 | I127: 932 | J127: 122.2 | K127: 126.9 | L127: 54.186818 | M127: 77.92 | N127: 4.329 | O127: 651.24739 | P127: 675.92 | Q127: 2030.4336 | R127: 1194.8977 | S127: 0.17 | T127: 78.4 | U127: 80.4 | V127: 64.6 | W127: 79 | X127: =[1]ישיר!D116/1000 -> 7819.35 | Y127: 4701.389 | Z127: =[1]עקיף!H116 -> 932 | AA127: =[1]עקיף!P116 -> 850 | AB127: =[1]עקיף!Q116 -> 6021 | AG127: 2457.3 | AH127: 27155.905 | AI127: 182.2 | AJ127: 126.9 | AK127: 77.7 | AL127: 49.702527 | AM127: 18108
A128: 38443 | B128: =MONTH(A128) -> 4 | C128: =ROUNDUP(B128/3,0) -> 2 | D128: =YEAR(A128) -> 2005 | E128: 76.415867 | F128: 6976.8 | G128: 4658.7 | H128: 3168 | I128: 760 | J128: 121.9 | K128: 125.6 | L128: 52.979048 | M128: 77.66 | N128: 4.37145 | O128: 650.77421 | P128: 672.94526 | Q128: 1957.4929 | R128: 1164.4276 | S128: 0.17 | T128: 79.8 | U128: 79.5 | V128: 62.6 | W128: 81.5 | X128: =[1]ישיר!D117/1000 -> 7045.658 | Y128: 4260.546 | Z128: =[1]עקיף!H117 -> 760 | AA128: =[1]עקיף!P117 -> 836 | AB128: =[1]עקיף!Q117 -> 4764 | AG128: 2470.9 | AH128: 26926.252 | AI128: 182.5 | AJ128: 125.6 | AK128: 78.5 | AL128: 49.925761 | AM128: 18468
A129: 38473 | B129: =MONTH(A129) -> 5 | C129: =ROUNDUP(B129/3,0) -> 2 | D129: =YEAR(A129) -> 2005 | E129: 76.643521 | F129: 7928.6 | G129: 7211.5 | H129: 4855 | I129: 1486 | J129: 122.3 | K129: 128.4 | L129: 49.83381 | M129: 77.84 | N129: 4.37365 | O129: 673.17333 | P129: 692.77238 | Q129: 2005.2171 | R129: 1178.2757 | S129: 0.17 | T129: 80.5 | U129: 81.6 | V129: 63.8 | W129: 77.4 | X129: =[1]ישיר!D118/1000 -> 7929.724 | Y129: 5119.408 | Z129: =[1]עקיף!H118 -> 1486 | AA129: =[1]עקיף!P118 -> 842 | AB129: =[1]עקיף!Q118 -> 7183 | AG129: 2473.6 | AH129: 26605.166 | AI129: 183.1 | AJ129: 128.4 | AK129: 78.2 | AL129: 50.207521 | AM129: 18972
A130: 38504 | B130: =MONTH(A130) -> 6 | C130: =ROUNDUP(B130/3,0) -> 2 | D130: =YEAR(A130) -> 2005 | E130: 76.719406 | F130: 7262.8 | G130: 5129.5 | H130: 3012 | I130: 1131 | J130: 118.6 | K130: 128 | L130: 56.352273 | M130: 78.47 | N130: 4.4849048 | O130: 665.502 | P130: 679.191 | Q130: 2074.0173 | R130: 1202.2532 | S130: 0.17 | T130: 80.3 | U130: 81.6 | V130: 65.1 | W130: 81.2 | X130: =[1]ישיר!D119/1000 -> 7014.348 | Y130: 4358.183 | Z130: =[1]עקיף!H119 -> 1131 | AA130: =[1]עקיף!P119 -> 897 | AB130: =[1]עקיף!Q119 -> 5040 | AG130: 2478.5 | AH130: 26598.256 | AI130: 185.6 | AJ130: 127.9 | AK130: 77.2 | AL130: 50.099669 | AM130: 20184
A131: 38534 | B131: =MONTH(A131) -> 7 | C131: =ROUNDUP(B131/3,0) -> 3 | D131: =YEAR(A131) -> 2005 | E131: 77.554137 | F131: 7449.7 | G131: 6404.8 | H131: 4376 | I131: 1129 | J131: 120.4 | K131: 128 | L131: 58.9955 | M131: 78.06 | N131: 4.5604762 | O131: 662.93238 | P131: 676.46762 | Q131: 2145.139 | R131: 1222.237 | S131: 0.17 | T131: 82.7 | U131: 83.5 | V131: 66.2 | W131: 89.3 | X131: =[1]ישיר!D120/1000 -> 7606.478 | Y131: 5072.509 | Z131: =[1]עקיף!H120 -> 1129 | AA131: =[1]עקיף!P120 -> 966 | AB131: =[1]עקיף!Q120 -> 6471 | AG131: 2493.8 | AH131: 27199.326 | AI131: 185.7 | AJ131: 128 | AK131: 77.9 | AL131: 49.990833 | AM131: 22872
A132: 38565 | B132: =MONTH(A132) -> 8 | C132: =ROUNDUP(B132/3,0) -> 3 | D132: =YEAR(A132) -> 2005 | E132: 77.705907 | F132: 6983.3 | G132: 6118 | H132: 3850 | I132: 1310 | J132: 121.2 | K132: 128.7 | L132: 64.985217 | M132: 77.93 | N132: 4.5092609 | O132: 701.195 | P132: 708.78045 | Q132: 2157.8483 | R132: 1224.27 | S132: 0.17 | T132: 82.8 | U132: 83 | V132: 66.8 | W132: 85.2 | X132: =[1]ישיר!D121/1000 -> 7155.26 | Y132: 4668.386 | Z132: =[1]עקיף!H121 -> 1310 | AA132: =[1]עקיף!P121 -> 928 | AB132: =[1]עקיף!Q121 -> 6088 | AG132: 2494 | AH132: 27812.723 | AI132: 185.4 | AJ132: 128.6 | AK132: 78.1 | AL132: 49.848181 | AM132: 20712
A133: 38596 | B133: =MONTH(A133) -> 9 | C133: =ROUNDUP(B133/3,0) -> 3 | D133: =YEAR(A133) -> 2005 | E133: 77.781792 | F133: 7779 | G133: 6477 | H133: 4393 | I133: 973 | J133: 118.4 | K133: 126.7 | L133: 65.586667 | M133: 77.8 | N133: 4.5383636 | O133: 731.30476 | P133: 736.79333 | Q133: 2144.6119 | R133: 1225.9148 | S133: 0.165 | T133: 84.7 | U133: 82.5 | V133: 63.8 | W133: 83.8 | X133: =[1]ישיר!D122/1000 -> 7709.526 | Y133: 4776.915 | Z133: =[1]עקיף!H122 -> 973 | AA133: =[1]עקיף!P122 -> 955 | AB133: =[1]עקיף!Q122 -> 6321 | AG133: 2506.9 | AH133: 27635.32 | AI133: 187.1 | AJ133: 126.6 | AK133: 78.6 | AL133: 50.064964 | AM133: 20580
A134: 38626 | B134: =MONTH(A134) -> 10 | C134: =ROUNDUP(B134/3,0) -> 4 | D134: =YEAR(A134) -> 2005 | E134: 78.388869 | F134: 7077 | G134: 5338 | H134: 3842 | I134: 787 | J134: 123.7 | K134: 132.7 | L134: 62.26 | M134: 76.83 | N134: 4.6255 | O134: 756.4 | P134: 757.13154 | Q134: 2087.0929 | R134: 1191.9643 | S134: 0.165 | T134: 83.6 | U134: 84.4 | V134: 66.6 | W134: 85.8 | X134: =[1]ישיר!D123/1000 -> 7201.486 | Y134: 4598.103 | Z134: =[1]עקיף!H123 -> 787 | AA134: =[1]עקיף!P123 -> 938 | AB134: =[1]עקיף!Q123 -> 5567 | AG134: 2485.6 | AH134: 28715.969 | AI134: 189 | AJ134: 132.7 | AK134: 77.1 | AL134: 50.749618 | AM134: 22104
A135: 38657 | B135: =MONTH(A135) -> 11 | C135: =ROUNDUP(B135/3,0) -> 4 | D135: =YEAR(A135) -> 2005 | E135: 78.312984 | F135: 7319 | G135: 5808 | H135: 3752 | I135: 1076 | J135: 124.3 | K135: 132.1 | L135: 58.3225 | M135: 76.71 | N135: 4.6997727 | O135: 762.98 | P135: 771.51409 | Q135: 2202.8357 | R135: 1237.3686 | S135: 0.165 | T135: 83.5 | U135: 84.1 | V135: 65.8 | W135: 82.7 | X135: =[1]ישיר!D124/1000 -> 7572.549 | Y135: 4687.442 | Z135: =[1]עקיף!H124 -> 1076 | AA135: =[1]עקיף!P124 -> 894 | AB135: =[1]עקיף!Q124 -> 5722 | AG135: 2518.1 | AH135: 28310.255 | AI135: 187.3 | AJ135: 132.1 | AK135: 80.4 | AL135: 51.341785 | AM135: 23088
A136: 38687 | B136: =MONTH(A136) -> 12 | C136: =ROUNDUP(B136/3,0) -> 4 | D136: =YEAR(A136) -> 2005 | E136: 78.161215 | F136: 6491 | G136: 5509 | H136: 3279 | I136: 1206 | J136: 118.2 | K136: 133.6 | L136: 59.411905 | M136: 76.41 | N136: 4.6117143 | O136: 808.93333 | P136: 813.74905 | Q136: 2246.0871 | R136: 1262.0719 | S136: 0.165 | T136: 86.1 | U136: 85 | V136: 64.9 | W136: 86.1 | X136: =[1]ישיר!D125/1000 -> 5940.26 | Y136: 4604.406 | Z136: =[1]עקיף!H125 -> 1206 | AA136: =[1]עקיף!P125 -> 969 | AB136: =[1]עקיף!Q125 -> 5454 | AG136: 2527.9 | AH136: 28060.538 | AI136: 186.7 | AJ136: 133.6 | AK136: 80.5 | AL136: 51.903554 | AM136: 19512
... A208: 40878 | B208: =MONTH(A208) -> 12 | C208: =ROUNDUP(B208/3,0) -> 4 | D208: =YEAR(A208) -> 2011 | E208: 91.348805 | F208: 9278 | G208: 8223 | H208: 5276 | I208: 1450 | J208: 131.59 | K208: 198.5 | L208: 98.562857 | M208: 87.12 | N208: 3.7739048 | O208: 1092.3143 | P208: 987.49952 | Q208: 2601.67 | R208: 1243.3229 | S208: 0.16 | T208: 101.2 | U208: 101.8 | V208: 82.3 | W208: 103.6 | X208: =[1]ישיר!D197/1000 -> 8593.669 | Y208: 5998.5 | Z208: =[1]עקיף!H197 -> 1450 | AA208: =[1]עקיף!P197 -> 1174 | AB208: =[1]עקיף!Q197 -> 7900 | AG208: 3076.7 | AH208: 74875.187 | AI208: 289.8 | AJ208: 198.4 | AK208: 101.2 | AL208: 64.467098 | AM208: 15396
A209: 40909 | B209: =MONTH(A209) -> 1 | C209: =ROUNDUP(B209/3,0) -> 1 | D209: =YEAR(A209) -> 2012 | E209: 91.348805 | F209: 12636 | G209: 10032 | H209: 7366 | I209: 1515 | J209: 130.04 | K209: 199.4 | L209: 100.2735 | M209: 87.06 | N209: 3.8089524 | O209: 1120.6378 | P209: 1015.897 | Q209: 2743.795 | R209: 1300.578 | S209: 0.16 | T209: 100.3 | U209: 99.7 | V209: 84.3 | W209: 102.7 | X209: =[1]ישיר!D198/1000 -> 13285.615 | Y209: 10108.568 | Z209: =[1]עקיף!H198 -> 1515 | AA209: =[1]עקיף!P198 -> 1579 | AB209: =[1]עקיף!Q198 -> 10460 | AC209: =[2]monthly!AY306 -> 0.057214457 | AD209: =[2]monthly!AZ306 -> 0.77910078 | AE209: =[2]monthly!BA306 -> 0.73452496 | AF209: 8583.6 | AG209: 3113.4 | AH209: 77115.164 | AI209: 290.1 | AJ209: 199.4 | AK209: 101.1 | AL209: 64.643735 | AM209: 16428
A210: 40940 | B210: =MONTH(A210) -> 2 | C210: =ROUNDUP(B210/3,0) -> 1 | D210: =YEAR(A210) -> 2012 | E210: 91.348805 | F210: 8934 | G210: 7484 | H210: 4741 | I210: 1650 | J210: 130.58 | K210: 200.6 | L210: 102.204 | M210: 86.34 | N210: 3.7408095 | O210: 1107.2242 | P210: 1008.9189 | Q210: 2928.9805 | R210: 1352.4875 | S210: 0.16 | T210: 99.6 | U210: 101.1 | V210: 85.3 | W210: 102.5 | X210: =[1]ישיר!D199/1000 -> 8898.153 | Y210: 5190.778 | Z210: =[1]עקיף!H199 -> 1650 | AA210: =[1]עקיף!P199 -> 1201 | AB210: =[1]עקיף!Q199 -> 7592 | AC210: =[2]monthly!AY307 -> 0.059804404 | AD210: =[2]monthly!AZ307 -> 0.78078392 | AE210: =[2]monthly!BA307 -> 0.7340896 | AF210: 8493.6 | AG210: 3117.2 | AH210: 77100.297 | AI210: 290.5 | AJ210: 200.6 | AK210: 97.5 | AL210: 64.576831 | AM210: 19344
A211: 40969 | B211: =MONTH(A211) -> 3 | C211: =ROUNDUP(B211/3,0) -> 1 | D211: =YEAR(A211) -> 2012 | E211: 91.700146 | F211: 8268 | G211: 9146 | H211: 6135 | I211: 1443 | J211: 130.34 | K211: 198 | L211: 106.15773 | M211: 86.15 | N211: 3.7632 | O211: 1107.9385 | P211: 1015.793 | Q211: 3035.9159 | R211: 1389.24 | S211: 0.16 | T211: 100.3 | U211: 100.9 | V211: 82.4 | W211: 106.1 | X211: =[1]ישיר!D200/1000 -> 8447.381 | Y211: 5371.987 | Z211: =[1]עקיף!H200 -> 1443 | AA211: =[1]עקיף!P200 -> 1439 | AB211: =[1]עקיף!Q200 -> 9017 | AC211: =[2]monthly!AY308 -> 0.060386305 | AD211: =[2]monthly!AZ308 -> 0.78572211 | AE211: =[2]monthly!BA308 -> 0.73827526 | AF211: 8563.3 | AG211: 3129.7 | AH211: 76997.174 | AI211: 293.4 | AJ211: 198 | AK211: 100.2 | AL211: 64.828136 | AM211: 17556
A212: 41000 | B212: =MONTH(A212) -> 4 | C212: =ROUNDUP(B212/3,0) -> 2 | D212: =YEAR(A212) -> 2012 | E212: 92.490665 | F212: 8767 | G212: 7810 | H212: 5297 | I212: 1343 | J212: 130.82 | K212: 204.6 | L212: 103.321 | M212: 85.76 | N212: 3.7512941 | O212: 1143.3521 | P212: 1051.4126 | Q212: 3035.1015 | R212: 1386.429 | S212: 0.16 | T212: 103.6 | U212: 104.4 | V212: 86.6 | W212: 105.5 | X212: =[1]ישיר!D201/1000 -> 8624.612 | Y212: 5592.099 | Z212: =[1]עקיף!H201 -> 1343 | AA212: =[1]עקיף!P201 -> 1211 | AB212: =[1]עקיף!Q201 -> 7851 | AC212: =[2]monthly!AY309 -> 0.059438731 | AD212: =[2]monthly!AZ309 -> 0.78601962 | AE212: =[2]monthly!BA309 -> 0.73927221 | AF212: 8603.8 | AG212: 3132.9 | AH212: 76630.286 | AI212: 294.6 | AJ212: 204.5 | AK212: 104.3 | AL212: 65.273965 | AM212: 21972
A213: 41030 | B213: =MONTH(A213) -> 5 | C213: =ROUNDUP(B213/3,0) -> 2 | D213: =YEAR(A213) -> 2012 | E213: 92.490665 | F213: 8758 | G213: 9064 | H213: 5903 | I213: 1504 | J213: 128.46 | K213: 204.3 | L213: 94.0575 | M213: 86.63 | N213: 3.8273478 | O213: 1102.0282 | P213: 1010.9859 | Q213: 2900.4091 | R213: 1341.2727 | S213: 0.16 | T213: 102.6 | U213: 102.6 | V213: 86.2 | W213: 103.8 | X213: =[1]ישיר!D202/1000 -> 8884.096 | Y213: 5650.815 | Z213: =[1]עקיף!H202 -> 1504 | AA213: =[1]עקיף!P202 -> 1591 | AB213: =[1]עקיף!Q202 -> 8998 | AC213: =[2]monthly!AY310 -> 0.061380985 | AD213: =[2]monthly!AZ310 -> 0.78792684 | AE213: =[2]monthly!BA310 -> 0.73956311 | AF213: 8688.5 | AG213: 3134.9 | AH213: 74792.186 | AI213: 294.4 | AJ213: 204.3 | AK213: 104.2 | AL213: 65.39645 | AM213: 20892
A214: 41061 | B214: =MONTH(A214) -> 6 | C214: =ROUNDUP(B214/3,0) -> 2 | D214: =YEAR(A214) -> 2012 | E214: 92.227159 | F214: 8330 | G214: 7618 | H214: 4668 | I214: 1644 | J214: 129.92 | K214: 204.2 | L214: 84.383571 | M214: 86.27 | N214: 3.8927619 | O214: 1069.0335 | P214: 983.255 | Q214: 2850.3538 | R214: 1323.4843 | S214: 0.16 | T214: 101.8 | U214: 99.3 | V214: 84 | W214: 104.2 | X214: =[1]ישיר!D203/1000 -> 8140.81 | Y214: 5001.225 | Z214: =[1]עקיף!H203 -> 1644 | AA214: =[1]עקיף!P203 -> 1076 | AB214: =[1]עקיף!Q203 -> 7388 | AC214: =[2]monthly!AY311 -> 0.059676694 | AD214: =[2]monthly!AZ311 -> 0.78970532 | AE214: =[2]monthly!BA311 -> 0.74257832 | AF214: 8705.8 | AG214: 3129.5 | AH214: 75118.681 | AI214: 296.2 | AJ214: 204.2 | AK214: 103.6 | AL214: 65.507104 | AM214: 20988
A215: 41091 | B215: =MONTH(A215) -> 7 | C215: =ROUNDUP(B215/3,0) -> 3 | D215: =YEAR(A215) -> 2012 | E215: 92.314994 | F215: 9098 | G215: 10540 | H215: 7107 | I215: 1852 | J215: 129 | K215: 204.9 | L215: 87.349286 | M215: 85.82 | N215: 3.9910909 | O215: 1075.9586 | P215: 980.54364 | Q215: 2920.1124 | R215: 1359.7762 | S215: 0.16 | T215: 106.8 | U215: 104.5 | V215: 85.2 | W215: 108 | X215: =[1]ישיר!D204/1000 -> 9351.142 | Y215: 6293.356 | Z215: =[1]עקיף!H204 -> 1852 | AA215: =[1]עקיף!P204 -> 1666 | AB215: =[1]עקיף!Q204 -> 10625 | AC215: =[2]monthly!AY312 -> 0.058187633 | AD215: =[2]monthly!AZ312 -> 0.78730741 | AE215: =[2]monthly!BA312 -> 0.74149585 | AF215: 8698.8 | AG215: 3148.8 | AH215: 75385.529 | AI215: 298.3 | AJ215: 204.9 | AK215: 107.5 | AL215: 65.915168 | AM215: 23772
A216: 41122 | B216: =MONTH(A216) -> 8 | C216: =ROUNDUP(B216/3,0) -> 3 | D216: =YEAR(A216) -> 2012 | E216: 93.281183 | F216: 7934 | G216: 8749 | H216: 5827 | I216: 1533 | J216: 125.6 | K216: 208.5 | L216: 93.196957 | M216: 84.16 | N216: 4.0153478 | O216: 1105.7923 | P216: 988.28136 | Q216: 3032.6665 | R216: 1403.4483 | S216: 0.16 | T216: 105.5 | U216: 102.5 | V216: 85.6 | W216: 111.2 | X216: =[1]ישיר!D205/1000 -> 7982.818 | Y216: 5218.54 | Z216: =[1]עקיף!H205 -> 1533 | AA216: =[1]עקיף!P205 -> 1425 | AB216: =[1]עקיף!Q205 -> 8785 | AC216: =[2]monthly!AY313 -> 0.056871058 | AD216: =[2]monthly!AZ313 -> 0.79474607 | AE216: =[2]monthly!BA313 -> 0.74954802 | AF216: 8689 | AG216: 3154 | AH216: 75616.263 | AI216: 300.4 | AJ216: 208.4 | AK216: 112.8 | AL216: 66.042384 | AM216: 32928
A217: 41153 | B217: =MONTH(A217) -> 9 | C217: =ROUNDUP(B217/3,0) -> 3 | D217: =YEAR(A217) -> 2012 | E217: 93.281183 | F217: 8739 | G217: 9464 | H217: 7307 | I217: 1132.5 | J217: 124.6 | K217: 204.4 | L217: 95.534737 | M217: 83.67 | N217: 3.958625 | O217: 1134.2507 | P217: 1010.5767 | Q217: 3136.8026 | R217: 1443.4195 | S217: 0.17 | T217: 101.3 | U217: 102.1 | V217: 83.8 | W217: 105 | X217: =[1]ישיר!D206/1000 -> 8810.71 | Y217: 5418.772 | Z217: =[1]עקיף!H206 -> 1132.5 | AA217: =[1]עקיף!P206 -> 1466.5 | AB217: =[1]עקיף!Q206 -> 9906 | AC217: =[2]monthly!AY314 -> 0.058424007 | AD217: =[2]monthly!AZ314 -> 0.7884484 | AE217: =[2]monthly!BA314 -> 0.74238409 | AF217: 8692.1 | AG217: 3152.2 | AH217: 76225.715 | AI217: 302.6 | AJ217: 204.4 | AK217: 109.6 | AL217: 66.007718 | AM217: 20964
A218: 41183 | B218: =MONTH(A218) -> 10 | C218: =ROUNDUP(B218/3,0) -> 4 | D218: =YEAR(A218) -> 2012 | E218: 93.105513 | F218: 7918 | G218: 9032 | H218: 5641 | I218: 1530.5 | J218: 123.5 | K218: 205.6 | L218: 92.001379 | M218: 83.37 | N218: 3.8511429 | O218: 1213.719 | P218: 1075.339 | Q218: 3060.2619 | R218: 1437.8167 | S218: 0.17 | T218: 103.4 | U218: 103.1 | V218: 84.6 | W218: 105.8 | X218: =[1]ישיר!D207/1000 -> 7852.185 | Y218: 5275.428 | Z218: =[1]עקיף!H207 -> 1530.5 | AA218: =[1]עקיף!P207 -> 1314.5 | AB218: =[1]עקיף!Q207 -> 8486 | AC218: =[2]monthly!AY315 -> 0.060538117 | AD218: =[2]monthly!AZ315 -> 0.78987521 | AE218: =[2]monthly!BA315 -> 0.74205765 | AF218: 8734.8 | AG218: 3158.5 | AH218: 75896.316 | AI218: 305.8 | AJ218: 205.5 | AK218: 106.2 | AL218: 66.10002 | AM218: 23796
A219: 41214 | B219: =MONTH(A219) -> 11 | C219: =ROUNDUP(B219/3,0) -> 4 | D219: =YEAR(A219) -> 2012 | E219: 92.666336 | F219: 8592 | G219: 8346 | H219: 5538 | I219: 1317 | J219: 126.56 | K219: 207.3 | L219: 92.795238 | M219: 84.65 | N219: 3.8934545 | O219: 1212.8638 | P219: 1072.581 | Q219: 2941.0148 | R219: 1394.5124 | S219: 0.17 | T219: 102.4 | U219: 102.3 | V219: 84.7 | W219: 105.6 | X219: =[1]ישיר!D208/1000 -> 8895.425 | Y219: 5962.823 | Z219: =[1]עקיף!H208 -> 1317 | AA219: =[1]עקיף!P208 -> 1504.5 | AB219: =[1]עקיף!Q208 -> 8359.5 | AC219: =[2]monthly!AY316 -> 0.058241987 | AD219: =[2]monthly!AZ316 -> 0.78578243 | AE219: =[2]monthly!BA316 -> 0.73998964 | AF219: 8759.5 | AG219: 3152.8 | AH219: 75672.105 | AI219: 309.7 | AJ219: 207.2 | AK219: 106.3 | AL219: 66.087163 | AM219: 24312
A220: 41244 | B220: =MONTH(A220) -> 12 | C220: =ROUNDUP(B220/3,0) -> 4 | D220: =YEAR(A220) -> 2012 | E220: 92.842006 | F220: 9244 | G220: 8139 | H220: 5507 | I220: 1174.5 | J220: 126.68 | K220: 212.9 | L220: 94.0965 | M220: 83.91 | N220: 3.7771 | O220: 1215.9641 | P220: 1073.4718 | Q220: 3003.792 | R220: 1422.2855 | S220: 0.17 | T220: 102.7 | U220: 103.2 | V220: 86.8 | W220: 107.3 | X220: =[1]ישיר!D209/1000 -> 9759.915 | Y220: 6939.391 | Z220: =[1]עקיף!H209 -> 1174.5 | AA220: =[1]עקיף!P209 -> 1278.5 | AB220: =[1]עקיף!Q209 -> 7960 | AC220: =[2]monthly!AY317 -> 0.057058619 | AD220: =[2]monthly!AZ317 -> 0.78357296 | AE220: =[2]monthly!BA317 -> 0.73886337 | AF220: 8867.2 | AG220: 3159.2 | AH220: 75905.559 | AI220: 315 | AJ220: 212.8 | AK220: 98.6 | AL220: 66.313222 | AM220: 23520
... A347: 45108 | B347: =MONTH(A347) -> 7 | C347: =ROUNDUP(B347/3,0) -> 3 | D347: =YEAR(A347) -> 2023 | E347: 104.5 | F347: 20638 | G347: 16028 | H347: 11825 | I347: 2232 | J347: 126.3 | K347: 449.2 | L347: 76.0695 | M347: 95.85 | N347: 3.6622593 | O347: 1814.7219 | P347: 1838.8052 | Q347: 14033.091 | R347: 4508.0755 | S347: 0.17 | T347: 165.1 | U347: 165.5 | V347: 108.6 | W347: 148.4 | X347: =[1]ישיר!D336/1000 -> 21319.716 | Y347: 13069.865 | Z347: =[1]עקיף!H336 -> 2232 | AA347: =[1]עקיף!P336 -> 1988 | AB347: =[1]עקיף!Q336 -> 16045 | AC347: =[2]monthly!AY444 -> 0.030146377 | AD347: =[2]monthly!AZ444 -> 0.81577319 | AE347: =[2]monthly!BA444 -> 0.79118058 | AF347: 11012.766 | AG347: 4000.5728 | AH347: 204664.86 | AI347: 559.2 | AJ347: 449.2 | AK347: 99.1 | AL347: 101.31212 | AM347: 29424
A348: 45139 | B348: =MONTH(A348) -> 8 | C348: =ROUNDUP(B348/3,0) -> 3 | D348: =YEAR(A348) -> 2023 | E348: =[3]monthly!G444 -> 97.765363 | F348: 18846 | G348: 13156 | H348: 9399 | I348: 1937 | J348: 125.7 | K348: 468.1 | L348: 81.432857 | M348: 94.76 | N348: 3.7457586 | O348: 1853.7957 | P348: 1875.5474 | Q348: 13743.213 | R348: 4457.3587 | S348: 0.17 | T348: 171.5 | U348: 169.4 | V348: 110.4 | W348: 165.7 | X348: =[1]ישיר!D337/1000 -> 18707.598 | Y348: 11224.946 | Z348: =[1]עקיף!H337 -> 1937 | AA348: =[1]עקיף!P337 -> 1948 | AB348: =[1]עקיף!Q337 -> 13284 | AC348: =[2]monthly!AY445 -> 0.028049502 | AD348: =[2]monthly!AZ445 -> 0.81477823 | AE348: =[2]monthly!BA445 -> 0.79192411 | AF348: 11053.349 | AG348: 4025.6299 | AH348: 202856.43 | AI348: 558.6 | AJ348: 467.6 | AK348: 104.7 | AL348: 101.48886 | AM348: 37284
A349: 45170 | B349: =MONTH(A349) -> 9 | C349: =ROUNDUP(B349/3,0) -> 3 | D349: =YEAR(A349) -> 2023 | E349: =[3]monthly!G445 -> 97.672253 | F349: 19679 | G349: 13713 | H349: 10500 | I349: 1442 | J349: 127.9 | K349: 454.6 | L349: 89.425 | M349: 93.58 | N349: 3.8201579 | O349: 1842.1235 | P349: 1866.1318 | Q349: 13585.84 | R349: 4409.095 | S349: 0.17 | T349: 165.7 | U349: 159.3 | V349: 106 | W349: 152.5 | X349: =[1]ישיר!D338/1000 -> 19923.881 | Y349: 12372.854 | Z349: =[1]עקיף!H338 -> 1442 | AA349: =[1]עקיף!P338 -> 1710 | AB349: =[1]עקיף!Q338 -> 13652 | AC349: =[2]monthly!AY446 -> 0.029830107 | AD349: =[2]monthly!AZ446 -> 0.81283692 | AE349: =[2]monthly!BA446 -> 0.78858991 | AF349: 11108.338 | AG349: 4023.5327 | AH349: 198552.5 | AI349: 557.5 | AJ349: 455 | AK349: 100.8 | AL349: 100.70489 | AM349: 34152
A350: 45200 | B350: =MONTH(A350) -> 10 | C350: =ROUNDUP(B350/3,0) -> 4 | D350: =YEAR(A350) -> 2023 | E350: =[3]monthly!G446 -> 98.137803 | F350: 16483 | G350: 12114 | H350: 8795 | I350: 1912 | J350: 122.5 | K350: 384.7 | L350: 85.639524 | M350: 92.39 | N350: 3.9782727 | O350: 1709.7222 | P350: 1726.427 | Q350: 13199.428 | R350: 4269.4009 | S350: 0.17 | T350: 147 | U350: 138.7 | V350: 106.6 | W350: 121.4 | X350: =[1]ישיר!D339/1000 -> 16640.997 | Y350: 11119.895 | Z350: =[1]עקיף!H339 -> 1912 | AA350: =[1]עקיף!P339 -> 1478 | AB350: =[1]עקיף!Q339 -> 12185 | AC350: =[2]monthly!AY447 -> 0.02837777 | AD350: =[2]monthly!AZ447 -> 0.81150291 | AE350: =[2]monthly!BA447 -> 0.78845144 | AF350: 11079.4 | AG350: 3962.4786 | AH350: 191235.37 | AI350: 554.7 | AJ350: 384.9 | AK350: 94.7 | AL350: 97.980075 | AM350: 12252
A351: 45231 | B351: =MONTH(A351) -> 11 | C351: =ROUNDUP(B351/3,0) -> 4 | D351: =YEAR(A351) -> 2023 | E351: =[3]monthly!G447 -> 97.858473 | F351: 16547 | G351: 12708 | H351: 9887 | I351: 1254 | J351: 126.6 | K351: 411 | L351: 77.685 | M351: 89.6 | N351: 3.8057727 | O351: 1733.0859 | P351: 1751.1114 | Q351: 13913.161 | R351: 4460.0633 | S351: 0.17 | T351: 153.4 | U351: 145.2 | V351: 105.3 | W351: 132.8 | X351: =[1]ישיר!D340/1000 -> 16939.795 | Y351: 11130.57 | Z351: =[1]עקיף!H340 -> 1254 | AA351: =[1]עקיף!P340 -> 1460 | AB351: =[1]עקיף!Q340 -> 12601 | AC351: =[2]monthly!AY448 -> 0.027036228 | AD351: =[2]monthly!AZ448 -> 0.80486357 | AE351: =[2]monthly!BA448 -> 0.78308026 | AF351: 11426.963 | AG351: 3830.8685 | AH351: 198169.02 | AI351: 558.6 | AJ351: 411.3 | AK351: 97.1 | AL351: 97.493311 | AM351: 18384
A352: 45261 | B352: =MONTH(A352) -> 12 | C352: =ROUNDUP(B352/3,0) -> 4 | D352: =YEAR(A352) -> 2023 | E352: =[3]monthly!G448 -> 97.765363 | F352: 18442 | G352: 14255 | H352: 8840 | I352: 3302 | J352: 125 | K352: 461.2 | L352: 71.9 | M352: 92.36 | N352: 3.671 | O352: 1824.9976 | P352: 1849.0957 | Q352: 14690.474 | R352: 4685.0515 | S352: 0.17 | T352: 159.4 | U352: 159.2 | V352: 115.1 | W352: 152.9 | X352: =[1]ישיר!D341/1000 -> 17959.654 | Y352: 11132.907 | Z352: =[1]עקיף!H341 -> 3302 | AA352: =[1]עקיף!P341 -> 1800 | AB352: =[1]עקיף!Q341 -> 13942 | AC352: =[2]monthly!AY449 -> 0.026576195 | AD352: =[2]monthly!AZ449 -> 0.80446699 | AE352: =[2]monthly!BA449 -> 0.78308732 | AF352: 11381.319 | AG352: 3898.9216 | AH352: 204693.95 | AI352: 564.7 | AJ352: 461.4 | AK352: 94.2 | AL352: 98.057574 | AM352: 30264
A353: 45292 | B353: =MONTH(A353) -> 1 | C353: =ROUNDUP(B353/3,0) -> 1 | D353: =YEAR(A353) -> 2024 | E353: =[3]monthly!G449 -> 97.765363 | F353: 25688 | G353: 16512 | H353: 12942 | I353: 1746 | J353: 123.9 | K353: 481 | L353: 74.382857 | M353: 94.58 | N353: 3.7133182 | O353: 1851.1426 | P353: 1878.2087 | Q353: 15081.388 | R353: 4804.4915 | S353: 0.17 | T353: 167 | U353: 160.4 | V353: 115.4 | W353: 154.1 | X353: =[1]ישיר!D342/1000 -> 28143.571 | Y353: 14455.514 | Z353: =[1]עקיף!H342 -> 1746 | AA353: =[1]עקיף!P342 -> 1930 | AB353: =[1]עקיף!Q342 -> 16618 | AC353: =[2]monthly!AY450 -> 0.03022606 | AD353: =[2]monthly!AZ450 -> 0.80471021 | AE353: =[2]monthly!BA450 -> 0.78038699 | AF353: 11308.709 | AG353: 3942.7906 | AH353: 206125.26 | AI353: 569.2 | AJ353: 481.1 | AK353: 98.1 | AL353: 98.864697 | AM353: 45888
A354: 45323 | B354: =MONTH(A354) -> 2 | C354: =ROUNDUP(B354/3,0) -> 1 | D354: =YEAR(A354) -> 2024 | E354: =[3]monthly!G450 -> 98.137803 | F354: 20151 | G354: 14316 | H354: 10666 | I354: 1756 | J354: 123.5 | K354: 469.9 | L354: 77.249 | M354: 93.6 | N354: 3.64585 | O354: 1872.3885 | P354: 1905.774 | Q354: 15808.935 | R354: 5011.9614 | S354: 0.17 | T354: 163.4 | U354: 163.2 | V354: 113.5 | W354: 156.1 | X354: =[1]ישיר!D343/1000 -> 19580.322 | Y354: 11583.009 | Z354: =[1]עקיף!H343 -> 1756 | AA354: =[1]עקיף!P343 -> 1880 | AB354: =[1]עקיף!Q343 -> 14302 | AC354: =[2]monthly!AY451 -> 0.029968454 | AD354: =[2]monthly!AZ451 -> 0.8070008 | AE354: =[2]monthly!BA451 -> 0.78283896 | AF354: 11376.697 | AG354: 3985.7399 | AH354: 206820.84 | AI354: 574.3 | AJ354: 470.2 | AK354: 96.4 | AL354: 99.039012 | AM354: 45672
...

Sheet Quarterly
A1: Type | D1: SA | E1: Nominal | F1: Real | G1: SA | H1: SA | I1: SA | J1: SA | K1: SA
A2: Source | D2: CBS | E2: BOI | F2: CBS | G2: CBS | H2: CBS | I2: CBS | J2: CBS | K2: CBS
A3: Release Lag
A4: Date | B4: Quarter | C4: Year | D4: GDP | E4: Intrest_rate | F4: CPI | G4: C | H4: G | I4: I | J4: EX | K4: IM
A5: 1995Q1 | B5: =_xlfn.NUMBERVALUE(RIGHT(A5,1)) -> 1 | C5: =_xlfn.NUMBERVALUE(LEFT(A5,4)) -> 1995 | D5: 137232.58 | F5: =AVERAGEIFS(Monthly!$E$5:$E$361,Monthly!$D$5:$D$361,Quarterly!C5,Monthly!$C$5:$C$361,Quarterly!B5) -> 50.686298 | G5: 70112.724 | H5: 39908.198 | I5: 37992.38 | J5: 29244.223 | K5: 36840.081
A6: 1995Q2 | B6: =_xlfn.NUMBERVALUE(RIGHT(A6,1)) -> 2 | C6: =_xlfn.NUMBERVALUE(LEFT(A6,4)) -> 1995 | D6: 140074.89 | F6: =AVERAGEIFS(Monthly!$E$5:$E$361,Monthly!$D$5:$D$361,Quarterly!C6,Monthly!$C$5:$C$361,Quarterly!B6) -> 51.545149 | G6: 70331.653 | H6: 40199.49 | I6: 39062.304 | J6: 30179.386 | K6: 36457.797
A7: 1995Q3 | B7: =_xlfn.NUMBERVALUE(RIGHT(A7,1)) -> 3 | C7: =_xlfn.NUMBERVALUE(LEFT(A7,4)) -> 1995 | D7: 141735.09 | F7: =AVERAGEIFS(Monthly!$E$5:$E$361,Monthly!$D$5:$D$361,Quarterly!C7,Monthly!$C$5:$C$361,Quarterly!B7) -> 52.544796 | G7: 71057.324 | H7: 39524.852 | I7: 39289.253 | J7: 30462.717 | K7: 36058.63
A8: 1995Q4 | B8: =_xlfn.NUMBERVALUE(RIGHT(A8,1)) -> 4 | C8: =_xlfn.NUMBERVALUE(LEFT(A8,4)) -> 1995 | D8: 142643.51 | F8: =AVERAGEIFS(Monthly!$E$5:$E$361,Monthly!$D$5:$D$361,Quarterly!C8,Monthly!$C$5:$C$361,Quarterly!B8) -> 54.107623 | G8: 74416.6 | H8: 40078.902 | I8: 40124.547 | J8: 31595.34 | K8: 40014.707
A9: 1996Q1 | B9: =_xlfn.NUMBERVALUE(RIGHT(A9,1)) -> 1 | C9: =_xlfn.NUMBERVALUE(LEFT(A9,4)) -> 1996 | D9: 144318.53 | E9: 13.9 | F9: =AVERAGEIFS(Monthly!$E$5:$E$361,Monthly!$D$5:$D$361,Quarterly!C9,Monthly!$C$5:$C$361,Quarterly!B9) -> 55.642291 | G9: 74520.56 | H9: 40261.575 | I9: 40536.667 | J9: 31807.756 | K9: 39798.936
A10: 1996Q2 | B10: =_xlfn.NUMBERVALUE(RIGHT(A10,1)) -> 2 | C10: =_xlfn.NUMBERVALUE(LEFT(A10,4)) -> 1996 | D10: 147008.83 | E10: 15.236651 | F10: =AVERAGEIFS(Monthly!$E$5:$E$361,Monthly!$D$5:$D$361,Quarterly!C10,Monthly!$C$5:$C$361,Quarterly!B10) -> 57.895016 | G10: 75123.63 | H10: 41118.345 | I10: 42313.937 | J10: 30887.838 | K10: 39567.856
A11: 1996Q3 | B11: =_xlfn.NUMBERVALUE(RIGHT(A11,1)) -> 3 | C11: =_xlfn.NUMBERVALUE(LEFT(A11,4)) -> 1996 | D11: 149008.95 | E11: 16.336663 | F11: =AVERAGEIFS(Monthly!$E$5:$E$361,Monthly!$D$5:$D$361,Quarterly!C11,Monthly!$C$5:$C$361,Quarterly!B11) -> 58.894662 | G11: 75798.548 | H11: 41773.388 | I11: 41864.571 | J11: 32414.162 | K11: 40044.299
A12: 1996Q4 | B12: =_xlfn.NUMBERVALUE(RIGHT(A12,1)) -> 4 | C12: =_xlfn.NUMBERVALUE(LEFT(A12,4)) -> 1996 | D12: 151348.65 | E12: 15.266666 | F12: =AVERAGEIFS(Monthly!$E$5:$E$361,Monthly!$D$5:$D$361,Quarterly!C12,Monthly!$C$5:$C$361,Quarterly!B12) -> 60.006945 | G12: 76031.798 | H12: 42126.159 | I12: 42863.837 | J12: 33491.553 | K12: 40472.251
A13: 1997Q1 | B13: =_xlfn.NUMBERVALUE(RIGHT(A13,1)) -> 1 | C13: =_xlfn.NUMBERVALUE(LEFT(A13,4)) -> 1997 | D13: 153122.92 | E13: 14.243332 | F13: =AVERAGEIFS(Monthly!$E$5:$E$361,Monthly!$D$5:$D$361,Quarterly!C13,Monthly!$C$5:$C$361,Quarterly!B13) -> 61.372659 | G13: 77275.745 | H13: 42428.149 | I13: 42977.221 | J13: 34422.559 | K13: 41115.247
A14: 1997Q2 | B14: =_xlfn.NUMBERVALUE(RIGHT(A14,1)) -> 2 | C14: =_xlfn.NUMBERVALUE(LEFT(A14,4)) -> 1997 | D14: 153196.91 | E14: 13.746666 | F14: =AVERAGEIFS(Monthly!$E$5:$E$361,Monthly!$D$5:$D$361,Quarterly!C14,Monthly!$C$5:$C$361,Quarterly!B14) -> 62.893248 | G14: 78051.646 | H14: 42335.013 | I14: 41372.408 | J14: 35330.658 | K14: 41892.745
A15: 1997Q3 | B15: =_xlfn.NUMBERVALUE(RIGHT(A15,1)) -> 3 | C15: =_xlfn.NUMBERVALUE(LEFT(A15,4)) -> 1997 | D15: 153345.82 | E15: 12.993332 | F15: =AVERAGEIFS(Monthly!$E$5:$E$361,Monthly!$D$5:$D$361,Quarterly!C15,Monthly!$C$5:$C$361,Quarterly!B15) -> 64.230803 | G15: 78378.35 | H15: 42502.158 | I15: 41664.256 | J15: 36221.859 | K15: 42057.129
A16: 1997Q4 | B16: =_xlfn.NUMBERVALUE(RIGHT(A16,1)) -> 4 | C16: =_xlfn.NUMBERVALUE(LEFT(A16,4)) -> 1997 | D16: 156122.17 | E16: 13.4 | F16: =AVERAGEIFS(Monthly!$E$5:$E$361,Monthly!$D$5:$D$361,Quarterly!C16,Monthly!$C$5:$C$361,Quarterly!B16) -> 64.864382 | G16: 80277.193 | H16: 42537.018 | I16: 41173.221 | J16: 36699.206 | K16: 42598.726
A17: 1998Q1 | B17: =_xlfn.NUMBERVALUE(RIGHT(A17,1)) -> 1 | C17: =_xlfn.NUMBERVALUE(LEFT(A17,4)) -> 1998 | D17: 159174.55 | E17: 12.929999 | F17: =AVERAGEIFS(Monthly!$E$5:$E$361,Monthly!$D$5:$D$361,Quarterly!C17,Monthly!$C$5:$C$361,Quarterly!B17) -> 64.808064 | G17: 81341.023 | H17: 42945.884 | I17: 42791.342 | J17: 36321.602 | K17: 42277.636
A18: 1998Q2 | B18: =_xlfn.NUMBERVALUE(RIGHT(A18,1)) -> 2 | C18: =_xlfn.NUMBERVALUE(LEFT(A18,4)) -> 1998 | D18: 158400.94 | E18: 11.899999 | F18: =AVERAGEIFS(Monthly!$E$5:$E$361,Monthly!$D$5:$D$361,Quarterly!C18,Monthly!$C$5:$C$361,Quarterly!B18) -> 65.849949 | G18: 83355.689 | H18: 43152.955 | I18: 38905.991 | J18: 39524.165 | K18: 43416.235
A19: 1998Q3 | B19: =_xlfn.NUMBERVALUE(RIGHT(A19,1)) -> 3 | C19: =_xlfn.NUMBERVALUE(LEFT(A19,4)) -> 1998 | D19: 159913.42 | E19: 10.393326 | F19: =AVERAGEIFS(Monthly!$E$5:$E$361,Monthly!$D$5:$D$361,Quarterly!C19,Monthly!$C$5:$C$361,Quarterly!B19) -> 66.553925 | G19: 83887.655 | H19: 43425.551 | I19: 41357.722 | J19: 37999.69 | K19: 43369.894
A20: 1998Q4 | B20: =_xlfn.NUMBERVALUE(RIGHT(A20,1)) -> 4 | C20: =_xlfn.NUMBERVALUE(LEFT(A20,4)) -> 1998 | D20: 160587.88 | E20: 11.999969 | F20: =AVERAGEIFS(Monthly!$E$5:$E$361,Monthly!$D$5:$D$361,Quarterly!C20,Monthly!$C$5:$C$361,Quarterly!B20) -> 69.918932 | G20: 84014.781 | H20: 43241.044 | I20: 41149.944 | J20: 38530.162 | K20: 43673.28
... A123: 2024Q3 | B123: =_xlfn.NUMBERVALUE(RIGHT(A123,1)) -> 3 | C123: =_xlfn.NUMBERVALUE(LEFT(A123,4)) -> 2024 | D123: 404759.83 | E123: 4.5 | F123: =AVERAGEIFS(Monthly!$E$5:$E$361,Monthly!$D$5:$D$361,Quarterly!C123,Monthly!$C$5:$C$361,Quarterly!B123) -> 100.9311 | G123: 213442.08 | H123: 97422.864 | I123: 96190.374 | J123: 119728.66 | K123: 118280.44
A124: 2024Q4 | B124: =_xlfn.NUMBERVALUE(RIGHT(A124,1)) -> 4 | C124: =_xlfn.NUMBERVALUE(LEFT(A124,4)) -> 2024 | D124: 406817.06 | E124: 4.5 | F124: =AVERAGEIFS(Monthly!$E$5:$E$3581,Monthly!$D$5:$D$3581,Quarterly!C124,Monthly!$C$5:$C$3581,Quarterly!B124) -> 101.24146 | G124: 218387.61 | H124: 99658.21 | I124: 91521.572 | J124: 121331.48 | K124: 123343.27
A125: 2025Q1 | B125: =_xlfn.NUMBERVALUE(RIGHT(A125,1)) -> 1 | C125: =_xlfn.NUMBERVALUE(LEFT(A125,4)) -> 2025 | E125: 4.5 | F125: =AVERAGEIFS(Monthly!$E$5:$E$3581,Monthly!$D$5:$D$3581,Quarterly!C125,Monthly!$C$5:$C$3581,Quarterly!B125) -> 101.66667
